Compound ,NPR1,NPR2
Leuprolide,0.618814048,0.965951477
Goserelin,0.615115012,0.788259331
Desmopressin,0.704215441,0.848752428
Vasopressin,0.603708472,0.897733682
Cyclosporine,0.354416967,0.872893432
Octreotide,0.591316954,0.761862338
Pyridoxal phosphate,0.191593183,0.849728881
Ademetionine,0.524396065,0.71013948
Pyruvic acid,0.393548566,0.720857554
Phenylalanine,0.301938425,0.897323817
Biotin,0.31848395,0.775718549
Choline,0.356879912,0.952968973
L-Lysine,0.283184845,0.775617852
Ascorbic acid,0.295420487,0.818594513
Aspartic acid,0.369053798,0.862303164
Ornithine,0.335785652,0.714837729
L-Glutamine,0.143763513,0.899085073
Adenosine phosphate,0.304679176,0.834916618
alpha-Linolenic acid,0.181713771,0.899202458
Methionine,0.217535725,0.909899318
Tyrosine,0.112998352,0.973798314
Calcitriol,0.127136,0.958663219
Lutein,0.0232367,0.991766136
Cystine,0.284711074,0.859879507
Succinic acid,0.133349825,0.902903324
Riboflavin,0.424032852,0.656314079
N-Acetylglucosamine,0.491434003,0.973980266
Glutamic acid,0.273376225,0.906089927
Glutathione,0.425938403,0.667060391
Glycine,0.267402839,0.732597163
Calcifediol,0.115710424,0.969820631
Creatine,0.328211491,0.756643957
Tryptophan,0.181493961,0.89760963
Cysteine,0.184560317,0.841253598
Thiamine,0.251141578,0.958494026
Ergocalciferol,0.132186797,0.916383875
Threonine,0.351051588,0.826179567
NADH,0.509055242,0.652121741
Folic acid,0.443200582,0.730774495
Icosapent,0.226192979,0.871593038
Valine,0.358111609,0.831304928
Vitamin A,0.087725891,0.969938017
Vitamin E,0.3814289,0.842926712
Pyridoxine,0.341306625,0.706807132
Lipoic acid,0.105044783,0.972233165
Cholecalciferol,0.125722479,0.965138255
Menadione,0.40329783,0.59670217
Adenine,0.392696385,0.607304695
Asparagine,0.352040485,0.867113461
Pravastatin,0.241508364,0.85517426
Fluvoxamine,0.230924317,0.917040961
Valsartan,0.292853462,0.924562657
Ramipril,0.650766819,0.907498047
Masoprocol,0.296262467,0.771102268
Flunisolide,0.263392741,0.926233649
Baclofen,0.229094206,0.922466864
Amphetamine,0.186743637,0.916126723
Pentagastrin,0.60639977,0.858206037
Nicotine,0.245262761,0.904433823
Cevimeline,0.305589956,0.903417867
Lorazepam,0.608593884,0.673135104
Esmolol,0.089450128,0.975035041
Bortezomib,0.403737046,0.706207452
Ethchlorvynol,0.223011309,0.896287251
Carbidopa,0.299737826,0.845262741
Phentermine,0.216188138,0.915624141
Indecainide,0.609584672,0.89790047
Tramadol,0.421721826,0.829890124
Vidarabine,0.334962358,0.834154301
Betaxolol,0.109539469,0.935919215
Fluconazole,0.470453521,0.747288375
Troglitazone,0.418850359,0.72795857
Oseltamivir,0.379840526,0.709313429
Erythromycin,0.446008681,0.827091082
Caffeine,0.397328979,0.602671021
Succinylcholine,0.293762554,0.919165186
Sildenafil,0.399648072,0.780437312
Dofetilide,0.487331073,0.70780217
Pyrimethamine,0.174798581,0.890683202
Reserpine,0.241903449,0.850498061
Azithromycin,0.387496121,0.937284483
Ticlopidine,0.234552845,0.985059118
Trospium,0.326355579,0.899228385
Adapalene,0.126758468,0.915734475
Midodrine,0.420979673,0.731622938
Pantoprazole,0.356731752,0.873682303
Torasemide,0.522317981,0.657720954
Citalopram,0.425605473,0.761287772
Eletriptan,0.450141634,0.702342398
Bethanidine,0.269630744,0.898869137
Moxifloxacin,0.212451183,0.852182972
Oxyphenonium,0.361956366,0.862487389
Nelfinavir,0.228372403,0.892867441
Isoetharine,0.340937466,0.902597933
Glimepiride,0.519312435,0.604764774
Diflorasone,0.217486795,0.908263423
Indinavir,0.179650177,0.896013302
Gadodiamide,0.56651561,0.711446067
Guanadrel,0.364954546,0.771563049
Lovastatin,0.357679319,0.788914827
Enflurane,0.411402679,0.955752047
Cefotiam,0.564631984,0.861761355
Pregabalin,0.322142183,0.897461692
Temazepam,0.554144924,0.611543192
Aminosalicylic acid,0.245516354,0.75448391
Reboxetine,0.482230313,0.738525116
Milrinone,0.219034942,0.804594703
Pipobroman,0.120082104,0.889941013
Butabarbital,0.686252371,0.929848543
Nevirapine,0.449897161,0.707238793
Oxiconazole,0.404253354,0.911956046
Alclometasone,0.244694528,0.884782065
Butalbital,0.628182818,0.886511823
Cladribine,0.347980736,0.707920111
Ranolazine,0.071882871,0.955044618
Mesalazine,0.326545145,0.673455082
Benzatropine,0.400846761,0.737417142
Ziprasidone,0.074136962,0.958437862
Methysergide,0.247594874,0.828920385
Cabergoline,0.261524919,0.824804721
Idoxuridine,0.157723709,0.875204368
Dapsone,0.309828956,0.87732734
Terconazole,0.337645397,0.940028597
Phenytoin,0.576624705,0.698720388
Medrysone,0.205020613,0.893132175
Doxycycline,0.320182377,0.98119075
Diethylstilbestrol,0.145244194,0.953783441
Lymecycline,0.500777126,0.78094651
Clotrimazole,0.770780699,0.916020229
Calcium acetate,0.496026387,0.503973613
Sulfanilamide,0.18756474,0.918068084
Cycloserine,0.44474548,0.58772995
Anagrelide,0.149739504,0.851748048
Carmustine,0.263246265,0.806852504
Sulfisoxazole,0.399170646,0.809216373
Metoprolol,0.080904367,0.974813917
Crotamiton,0.503503955,0.776679457
Dicoumarol,0.174831274,0.979016167
Cefmenoxime,0.281439945,0.829940306
Ropinirole,0.411752838,0.85776708
Isradipine,0.535808869,0.640584943
Diatrizoate,0.506868202,0.558954288
Betazole,0.247496109,0.953855051
Topiramate,0.496388872,0.670631762
Cefmetazole,0.530417946,0.789328035
Olmesartan,0.210908892,0.937946959
Amsacrine,0.22487125,0.861377639
Theophylline,0.4258773,0.5741227
Argatroban,0.531583779,0.828396173
Liothyronine,0.434903056,0.846148828
Disopyramide,0.470945851,0.833111918
Lidocaine,0.199393079,0.857603536
Pamidronic acid,0.516356831,0.790796378
Clemastine,0.540340074,0.66695838
Acarbose,0.363590857,0.805734942
Venlafaxine,0.442285382,0.712038086
Travoprost,0.324105944,0.755433681
Amcinonide,0.230337602,0.907276948
Atomoxetine,0.533716969,0.610645863
Bleomycin,0.653585637,0.843026407
Chlorambucil,0.242606341,0.793854975
Etomidate,0.535097823,0.676937986
Raltitrexed,0.199215844,0.869432437
Etonogestrel,0.231986243,0.952530467
Morphine,0.508255554,0.761350581
Ropivacaine,0.257487585,0.807185123
Bupivacaine,0.399057221,0.678837341
Dapiprazole,0.195171251,0.909341853
Penciclovir,0.288177452,0.850200294
Tenofovir disoproxil,0.485931903,0.821527818
Flucloxacillin,0.468797818,0.938462143
Tranexamic acid,0.137728959,0.89414175
Ertapenem,0.237160587,0.879293749
Desogestrel,0.271252465,0.934730663
Mitomycin,0.550062903,0.717953592
Talbutal,0.691595379,0.84159657
Bexarotene,0.235013565,0.899987512
Ibutilide,0.319764256,0.808445336
Vindesine,0.548204401,0.936031714
Chlorthalidone,0.251146116,0.916693113
Pentobarbital,0.611897737,0.86309909
Valproic acid,0.319230234,0.795452147
Capreomycin,0.534254463,0.977342488
Zolmitriptan,0.306475804,0.772402222
Acetaminophen,0.119643208,0.885179588
Gefitinib,0.174179905,0.85142472
Codeine,0.44889523,0.784170531
Piperacillin,0.540408367,0.704190457
Dihydroergotamine,0.362866291,0.860763276
Amitriptyline,0.549269123,0.763674059
Floxuridine,0.222596196,0.837795277
Tolcapone,0.184928222,0.878578274
Fluorometholone,0.2281083,0.926057602
Calcium glucoheptonate,0.405475296,0.777116514
Hydromorphone,0.518743718,0.751202724
Indomethacin,0.238340674,0.85064543
Ethambutol,0.311500363,0.952738616
Metformin,0.24202975,0.917907652
Ipratropium,0.305272301,0.838877232
Methadone,0.678347412,0.824014022
Olanzapine,0.37092043,0.675585065
Atenolol,0.055870014,0.969322946
Nitrofural,0.130552834,0.869449879
Pimecrolimus,0.682781175,0.850533873
Omeprazole,0.512072005,0.752082312
Pyrazinamide,0.229283641,0.770716385
Metixene,0.373891656,0.802911062
Cetirizine,0.20109847,0.850667618
Terfenadine,0.373143345,0.742397295
Diltiazem,0.446500641,0.863769427
Protriptyline,0.508080056,0.782738792
Aminohippuric acid,0.135722147,0.881084985
Alfuzosin,0.392016485,0.64283454
Trimethadione,0.496381769,0.675763671
Nitisinone,0.259434359,0.870222748
Clobazam,0.568224215,0.600630826
Minoxidil,0.242975601,0.822911176
Megestrol acetate,0.216828194,0.981862899
Tioguanine,0.484012763,0.515987479
Methylergometrine,0.277947157,0.808360461
Buclizine,0.230743381,0.820670198
Aztreonam,0.40444368,0.718583808
Chlorzoxazone,0.117327144,0.882672856
Aminoglutethimide,0.410866184,0.892834903
Mefloquine,0.37443997,0.759353376
Sulfadiazine,0.413004882,0.783652374
Sapropterin,0.188779231,0.88569739
Vinorelbine,0.392057266,0.886589669
Anidulafungin,0.394686508,0.831262975
Clozapine,0.297951116,0.757486393
Grepafloxacin,0.234167899,0.794476583
Doxylamine,0.529448852,0.737776893
Levonorgestrel,0.20517518,0.967091526
Norepinephrine,0.293289644,0.920479967
Cidofovir,0.385726036,0.759379971
Mirtazapine,0.523196563,0.585068366
Meprobamate,0.446143019,0.717906382
Thiethylperazine,0.331148512,0.735610826
Timolol,0.429822551,0.783372381
Treprostinil,0.226219253,0.834185865
Trihexyphenidyl,0.337853432,0.787305331
Palonosetron,0.228267533,0.83245145
Dydrogesterone,0.155860952,0.918388299
Mexiletine,0.264896295,0.771915875
Dexrazoxane,0.368440558,0.983785187
Amlodipine,0.617206969,0.754921148
Tacrine,0.232088748,0.772851591
Oxyphencyclimine,0.331176595,0.802465667
Triamterene,0.179357644,0.84750159
Valrubicin,0.272615128,0.917862011
Procyclidine,0.367349184,0.761883382
Phenylephrine,0.398132411,0.939744905
Carbimazole,0.229523952,0.770565057
Digoxin,0.045615136,0.990388898
Sulpiride,0.167330488,0.884843431
Profenamine,0.631463111,0.735021275
Nimodipine,0.505538777,0.735485907
Beclomethasone dipropionate,0.326959785,0.875848192
Carisoprodol,0.425277683,0.696719008
Progesterone,0.151861452,0.926252415
Phenylpropanolamine,0.25022699,0.970894588
Sorafenib,0.106919254,0.952888148
Zoledronic acid,0.38014593,0.831839291
Griseofulvin,0.350823348,0.869490979
Nisoldipine,0.491280918,0.814651256
Eszopiclone,0.363215173,0.757687228
Ceruletide,0.530948998,0.842764927
Alprazolam,0.496089747,0.651683706
Dexbrompheniramine,0.230752512,0.837382002
Gentian violet cation,0.498457513,0.550242981
Loxapine,0.428455837,0.663770605
Remoxipride,0.159509376,0.867405112
Mupirocin,0.229847423,0.829308035
Carbamoylcholine,0.184001435,0.940817676
Rosiglitazone,0.161097781,0.877466908
Pramipexole,0.305020602,0.937210071
Acetohexamide,0.307689422,0.753718791
Ampicillin,0.31864705,0.857905414
Metocurine iodide,0.36788004,0.792526898
Phenoxymethylpenicillin,0.541100414,0.860948124
Secobarbital,0.570673208,0.861111702
Miglustat,0.36473134,0.724905484
Promazine,0.396252971,0.652294868
Spironolactone,0.318867957,0.798742496
Methylphenidate,0.485846761,0.706016846
Methocarbamol,0.354633578,0.794536042
Hyoscyamine,0.393187059,0.763946054
Zolpidem,0.333489223,0.777486134
Famciclovir,0.41265331,0.862447825
Triprolidine,0.449134934,0.673604641
Streptozocin,0.244683436,0.989435625
Carboprost tromethamine,0.330302676,0.925885711
Cefpiramide,0.403157892,0.784605661
Lindane,0.740184342,0.777045051
Trifluridine,0.208450079,0.861446811
Prochlorperazine,0.289405322,0.737018116
Cyproheptadine,0.481827452,0.658652065
Nitric Oxide,3.45E-17,1
Bendroflumethiazide,0.283320921,0.784070383
Allopurinol,0.377282823,0.622717177
Ceftazidime,0.293877152,0.925320197
Cerivastatin,0.303672804,0.785398217
Trimethoprim,0.27661139,0.862474216
Gemcitabine,0.307948231,0.857419642
Entecavir,0.182277142,0.941279655
Betamethasone,0.199181634,0.936921927
Teniposide,0.184381973,0.914155856
Epirubicin,0.352854017,0.793183304
Chloramphenicol,0.350303564,0.753990216
Loracarbef,0.263638128,0.849619425
Lansoprazole,0.538022685,0.67826401
Dipivefrin,0.368584203,0.817404077
Droperidol,0.475787068,0.712869209
Levothyroxine,0.431054272,0.991030183
Framycetin,0.288982524,0.818277508
Meperidine,0.444035671,0.764098262
Loratadine,0.357844391,0.730694989
Cefalotin,0.24345509,0.860455207
Prazosin,0.110475409,0.920764218
Imipramine,0.520410796,0.757276716
Acitretin,0.069515398,0.959760039
Verteporfin,0.414452299,0.694287473
Nabumetone,0.16702657,0.926070249
Methscopolamine bromide,0.367175076,0.779886643
Sodium tetradecyl sulfate,0.442385199,0.770617769
Ketorolac,0.137628225,0.933191621
Enoxacin,0.188671211,0.833131123
Quinine,0.380252421,0.852068101
Tenoxicam,0.219889234,0.83777706
Dronabinol,0.2508257,0.840303643
Montelukast,0.299555628,0.868189712
Fluoxetine,0.297543252,0.781062517
Hexylcaine,0.331291391,0.833677753
Methohexital,0.561925107,0.883847374
Chlordiazepoxide,0.500152804,0.597525326
Duloxetine,0.478999343,0.717418625
Chlorpromazine,0.49707154,0.541551111
Rimantadine,0.417584375,0.944042504
Amikacin,0.30842793,0.751232075
Lenalidomide,0.186125353,0.93193317
Raloxifene,0.188918725,0.894071217
Celecoxib,0.356396249,0.698173245
Gallamine triethiodide,0.472615634,0.85305965
Brimonidine,0.263981509,0.827930261
Dicloxacillin,0.493402665,0.985325432
Nabilone,0.325776117,0.801955647
Pefloxacin,0.157379171,0.862383418
Altretamine,0.500275111,0.501197459
Sotalol,0.23781644,0.863870987
Buspirone,0.476482484,0.753868688
Miglitol,0.372111013,0.726304316
Fosinopril,0.508032682,0.732017221
Cefotaxime,0.180873684,0.896747824
Entacapone,0.242370361,0.9058393
Zidovudine,0.195164945,0.850406922
Darifenacin,0.651451493,0.872843095
Oxycodone,0.464138261,0.747390044
Phenindione,0.183208506,0.858019686
Flutamide,0.21397116,0.859992463
Tolmetin,0.106970287,0.941704689
Cimetidine,0.651143653,0.922975055
Haloperidol,0.269922947,0.825530542
Ritonavir,0.415516522,0.853373448
Levallorphan,0.431353688,0.807370751
Nitazoxanide,0.194154842,0.901983943
Triflupromazine,0.438072462,0.613732525
Dextrothyroxine,0.431133584,0.990724416
Acetyldigitoxin,0.05191288,0.980396846
Vancomycin,0.441409183,0.786873059
Aminocaproic acid,0.269980993,0.786886695
Dextromethorphan,0.393282153,0.855597898
Anisotropine methylbromide,0.278925999,0.90021021
Albendazole,0.165072547,0.894393362
Trandolapril,0.281368437,0.891390528
Caspofungin,0.514830064,0.954390444
Carteolol,0.095963663,0.927202334
Alitretinoin,0.15584143,0.914199786
Metolazone,0.179457555,0.917017528
Tolnaftate,0.253133066,0.874465087
Cinchocaine,0.292111439,0.820254849
Lercanidipine,0.786806234,0.921953902
Foscarnet,0.423372052,0.908390787
Erlotinib,0.18970056,0.840513373
Cyclophosphamide,0.476747066,0.709085918
Mephenytoin,0.474509843,0.972485547
Rofecoxib,0.238977298,0.821089987
Cefdinir,0.207815998,0.929119864
Guanidine,0.49992851,0.50007149
Ciprofloxacin,0.215028603,0.807259408
Gadoversetamide,0.563172493,0.679171312
Toremifene,0.25888916,0.79514512
Nortriptyline,0.505460892,0.809064486
Vincristine,0.565386945,0.93788166
Benazepril,0.521859825,0.806146617
Amoxapine,0.454249443,0.650172458
Fluorouracil,0.288334464,0.711665537
Pyridostigmine,0.18575698,0.96274488
Desoximetasone,0.205678687,0.92278734
Azelaic acid,0.092377495,0.975243289
Zafirlukast,0.263191945,0.875906979
Propylthiouracil,0.422459859,0.672002432
Acetohydroxamic acid,0.270495042,0.72950507
Pentostatin,0.26993369,0.81533302
Methoxsalen,0.269501709,0.730498292
Piroxicam,0.199451695,0.857539476
Lamotrigine,0.228766853,0.8640446
Perflutren,0.535647283,0.920873738
Hydroxyzine,0.31079052,0.80529526
Zanamivir,0.402348224,0.677470841
Bosentan,0.673101412,0.798282082
Tigecycline,0.145713939,0.974972665
Doxapram,0.458722531,0.9339495
Benzthiazide,0.27900107,0.777041731
Methotrexate,0.206156982,0.909775714
Carbamazepine,0.447590027,0.808146837
Cisatracurium,0.685105345,0.872893933
Succimer,0.546430239,0.886059966
Cephalexin,0.272755165,0.866633427
Cinnarizine,0.17082613,0.885567673
Fondaparinux,0.596188375,0.734737299
Vinblastine,0.422545157,0.903854766
Propranolol,0.10125816,0.913690257
Atropine,0.392935876,0.764282035
Fenoprofen,0.317041867,0.840825915
Fenfluramine,0.317138403,0.804033929
Clonidine,0.449327943,0.670435696
Sulfamethizole,0.377557548,0.783252505
Valaciclovir,0.485691797,0.772410017
Carbenicillin,0.320183549,0.848254559
Mazindol,0.301575957,0.836539563
Valdecoxib,0.281141905,0.780449957
Lactulose,0.251908465,0.915824257
Voriconazole,0.372019955,0.856170524
Levocarnitine,0.228691003,0.959998026
Enalapril,0.381355937,0.887164861
Nizatidine,0.547167149,0.720000163
Diclofenac,0.514568553,0.946072646
Fluticasone propionate,0.286777609,0.934752458
Lisuride,0.18924788,0.953483219
Doxazosin,0.080991991,0.949510526
Fluocinolone acetonide,0.259932185,0.929660107
Piperazine,0.496526178,0.553246825
Ethosuximide,0.564029719,0.895509671
Amiloride,0.196596323,0.836880602
Oxytetracycline,0.328459109,0.977380742
Ulobetasol,0.197851509,0.909484861
Gadoteridol,0.425909019,0.821973796
Labetalol,0.498613302,0.79470448
Thiopental,0.603442292,0.793728966
Monobenzone,0.070913312,0.992672525
Linezolid,0.197936632,0.948183638
Ivermectin,0.329103732,0.812691043
Medroxyprogesterone acetate,0.220271574,0.991959952
Cisapride,0.259430108,0.856323855
Sulindac,0.183542112,0.870760366
Cyclothiazide,0.183710396,0.870787409
Nafcillin,0.342688792,0.77326309
Chloroquine,0.276881068,0.873120366
Ethionamide,0.256427497,0.825070818
Metaraminol,0.265031286,0.906618853
Butorphanol,0.317823233,0.856216401
Bisoprolol,0.129754924,0.90109936
Amodiaquine,0.409623521,0.692490494
Rifabutin,0.554503925,0.875655115
Paramethadione,0.612230498,0.821035348
Demeclocycline,0.312920278,0.940410965
Imatinib,0.199606524,0.848969274
Triamcinolone,0.209520124,0.928337432
Oxandrolone,0.152529094,0.925669606
Nicardipine,0.662216753,0.838869846
Fluphenazine,0.311378914,0.734527459
Testosterone,0.169773705,0.919931872
Efavirenz,0.633894398,0.677930232
Niacin,0.222535014,0.777464986
Clorazepic acid,0.472806348,0.675763761
Guanabenz,0.342940752,0.719449957
Alendronic acid,0.445068915,0.768465395
Clofarabine,0.441637351,0.724030751
Docosanol,0.224296316,0.839216822
Dexmedetomidine,0.248894027,0.930276947
Sulfacetamide,0.199960623,0.965303135
Prednisone,0.178055384,0.944889275
Clofibrate,0.27446025,0.865636503
Astemizole,0.300570817,0.799733681
Butoconazole,0.494133268,0.88513884
Adenosine,0.280768999,0.830279164
Simvastatin,0.369419964,0.787676578
Pemetrexed,0.494772221,0.820047042
Mebendazole,0.170766849,0.854645321
Gonadorelin,0.508599708,0.898146659
Dyclonine,0.07725166,0.942056568
Nystatin,0.191713372,0.916600607
Dextropropoxyphene,0.568657505,0.825552548
Mitotane,0.428575291,0.7878284
Stavudine,0.274170518,0.830301345
Leucovorin,0.327694548,0.884183532
Dyphylline,0.324603127,0.818349896
Pentazocine,0.207090963,0.968087951
Magnesium sulfate,0.997955676,0.998949192
Latanoprost,0.417937643,0.821264102
Estrone,0.143758562,0.89542672
Trazodone,0.229988634,0.851576908
Mecamylamine,0.667611549,0.814710075
Sevelamer,0.112298899,0.920561223
Acamprosate,0.171763647,0.971070042
Metaxalone,0.151806782,0.915740437
Verapamil,0.637213855,0.901087512
Trimethobenzamide,0.184947005,0.975810329
Flumethasone,0.225816407,0.903879198
Sulfametopyrazine,0.448306369,0.885833624
Nilutamide,0.243884209,0.919327108
Nafarelin,0.52730133,0.920555286
Epinephrine,0.330682502,0.940146692
Sumatriptan,0.317101711,0.748278888
Pirenzepine,0.463617386,0.942247339
Cefixime,0.387701304,0.753189678
Chlorpropamide,0.284068004,0.77432564
Aprepitant,0.27996717,0.834023916
Galantamine,0.506210128,0.609951148
Tamoxifen,0.317324493,0.758859802
Benzyl benzoate,0.179128017,0.956395922
Isoflurophate,0.412926742,0.877812907
Losartan,0.227356179,0.888344804
Thioridazine,0.437602331,0.615918351
Moricizine,0.548107696,0.838065054
Amphotericin B,0.117344877,0.912296522
Warfarin,0.409260722,0.824827329
Midazolam,0.518752786,0.686302983
Tobramycin,0.300142065,0.826507265
Trovafloxacin,0.40339491,0.660824387
Pentosan polysulfate,0.215261776,0.972249886
Fludrocortisone,0.172556666,0.954507744
Mycophenolate mofetil,0.54471532,0.934371042
Cephaloglycin,0.241839512,0.849968433
Flurazepam,0.646774706,0.834352331
Moexipril,0.694615116,0.766810334
Phentolamine,0.49956202,0.621110868
Fluorescein,0.592120334,0.626532062
Daunorubicin,0.337996958,0.799327713
Furosemide,0.31963825,0.740899082
Ergotamine,0.381057198,0.858595718
Tizanidine,0.274796485,0.794608549
Nitrofurantoin,0.11212666,0.887878368
Nicergoline,0.266765132,0.829068325
Eplerenone,0.274366472,0.864977508
Amprenavir,0.503777622,0.806450168
Methazolamide,0.164492246,0.933275242
Naltrexone,0.358707309,0.82659361
Delavirdine,0.153460576,0.903945124
Tamsulosin,0.663694171,0.825592877
Sufentanil,0.308159124,0.95610095
Lamivudine,0.208461023,0.878015601
Ibandronate,0.249561601,0.949821841
Diethylcarbamazine,0.305055025,0.934493382
Flurbiprofen,0.147041786,0.959334321
Oxacillin,0.37278062,0.894353555
Apomorphine,0.299176814,0.732312476
Paroxetine,0.326728894,0.7668147
Nedocromil,0.28702666,0.783550946
Norethisterone,0.178056738,0.950416449
Adefovir dipivoxil,0.575780342,0.828825282
Azatadine,0.484392843,0.675049365
Clodronic acid,0.685274545,0.844763783
Procaine,0.21191622,0.942386022
Lisinopril,0.423427052,0.750063345
Methoxamine,0.390027486,0.747671426
Imiquimod,0.433576074,0.625860598
Homatropine methylbromide,0.278413136,0.843273305
Trimipramine,0.538144624,0.794009107
Nitroglycerin,0.397905798,0.790159368
Rocuronium,0.173155449,0.935997436
Thiabendazole,0.091369418,0.908630616
Nateglinide,0.238280895,0.855504993
Atracurium besylate,0.737237276,0.912227902
Pralidoxime,0.228445001,0.7715551
Risperidone,0.137345627,0.942825175
Naftifine,0.260393603,0.82535146
Esomeprazole,0.4510656,0.75310134
Meclizine,0.206709683,0.853432051
Pentamidine,0.35621879,0.765707788
Hetacillin,0.419472889,0.842119223
Riluzole,0.145255494,0.918443915
Hydrocortisone,0.169427001,0.95043253
Mannitol,0.191928008,0.901235785
Gadobenic acid,0.473443102,0.865777516
Zileuton,0.157294877,0.937030235
Modafinil,0.514294283,0.675480469
Deferoxamine,0.473905761,0.84482795
Scopolamine,0.391954111,0.763241427
Carbinoxamine,0.317425233,0.814231087
Etodolac,0.38103402,0.722648846
Prilocaine,0.184714013,0.906534549
Epinastine,0.445655127,0.672547658
Tranylcypromine,0.267668591,0.919104204
Isoflurane,0.361665468,0.810615187
Ethotoin,0.297539624,0.954784561
Tretinoin,0.07606205,0.972132442
Hexachlorophene,0.387563263,0.771914342
Clopidogrel,0.28051354,0.868500294
Tetracycline,0.308042422,0.985821694
Meropenem,0.154230397,0.939651277
Irinotecan,0.138339971,0.891320279
Methimazole,0.33300661,0.66699339
Metyrosine,0.247934612,0.916247398
Clavulanic acid,0.435940346,0.725671075
Olopatadine,0.488748548,0.811692029
Hydrocortamate,0.139656298,0.936806257
Alprostadil,0.289108429,0.771183638
Clidinium,0.445957223,0.849711702
Malathion,0.392677431,0.755744861
Etoposide,0.259792413,0.878552273
Hydroflumethiazide,0.313725592,0.778611432
Tirofiban,0.689245781,0.924269169
Oxcarbazepine,0.533839803,0.778701439
Propiomazine,0.365680459,0.660298417
Roxithromycin,0.623908849,0.967182404
Nalidixic acid,0.293674003,0.7258176
Phenelzine,0.231207779,0.948424085
Propantheline,0.555944979,0.899308124
Estradiol,0.141328665,0.896215664
Mefenamic acid,0.301932619,0.90896289
Acyclovir,0.326338884,0.708347597
Naproxen,0.143538026,0.948828466
Gadopentetic acid,0.395629796,0.827686361
Perindopril,0.466746155,0.72018688
Uracil mustard,0.527572689,0.620243005
Tripelennamine,0.465930058,0.660652601
Haloprogin,0.258905999,0.837278183
Primidone,0.545993506,0.935735977
Sulfasalazine,0.142702834,0.940857021
Candesartan cilexetil,0.371109313,0.770389861
Tolazoline,0.163778195,0.931349075
Gentamicin,0.434660649,0.727468831
Tazarotene,0.068077324,0.941445237
Fenoldopam,0.333378642,0.942622306
Halazepam,0.600743668,0.775446483
Alfentanil,0.36951745,0.851308211
Colistin,0.652543814,0.812190452
Dicyclomine,0.505768565,0.76112315
Minaprine,0.102955727,0.998199766
Pentoxifylline,0.16655177,0.884263999
Proparacaine,0.161418608,0.93325604
Indapamide,0.172546889,0.943390252
Tropicamide,0.504766835,0.85724131
Biperiden,0.320816916,0.813217865
Ribavirin,0.265975699,0.839732129
Phenylbutazone,0.40120465,0.743610315
Fentanyl,0.133495686,0.924962207
Meloxicam,0.173019199,0.875560116
Orciprenaline,0.39570137,0.993562305
Rosoxacin,0.152199195,0.866181629
Propofol,0.276010298,0.862231732
Acetazolamide,0.150803016,0.907248613
Tadalafil,0.52996913,0.609465567
Carprofen,0.119184279,0.940077447
Disulfiram,0.25255113,0.881719579
Ethynodiol diacetate,0.120756481,0.955155564
Enprofylline,0.370608416,0.665063616
Levomenthol,0.307144758,0.798922911
Natamycin,0.250815876,0.811762873
Cinoxacin,0.253705516,0.793224889
Fosfomycin,0.391961452,0.921808591
Diazepam,0.534981942,0.579156471
Phenmetrazine,0.23793648,0.889310949
Trifluoperazine,0.336113434,0.703611914
Phensuximide,0.248031172,0.923289207
Cefaclor,0.273137919,0.846512612
Mifepristone,0.529384305,0.634453444
Brompheniramine,0.230898718,0.837413578
Loperamide,0.165414317,0.965806106
Clocortolone,0.233876996,0.906847062
Tolazamide,0.222580913,0.893726569
Dobutamine,0.495552559,0.710925804
Oxazepam,0.52448523,0.593647763
Donepezil,0.094654656,0.970829678
Nalbuphine,0.30948398,0.849282208
Clofazimine,0.236427287,0.793601145
Flurandrenolide,0.248701705,0.921093147
Cysteamine,0.188879864,0.855822195
Levamisole,0.123633429,0.969245757
Methylphenobarbital,0.428251379,0.964516129
Perphenazine,0.26452443,0.783753117
Dacarbazine,0.244098435,0.75843331
Pseudoephedrine,0.210558798,0.947906887
Temozolomide,0.225734094,0.774265929
Levorphanol,0.519910195,0.769216679
Aminolevulinic acid,0.354155232,0.77475317
Chlorphenesin,0.068151335,0.980858443
Terbinafine,0.26180134,0.817483895
Penicillamine,0.33053422,0.868406307
Prednisolone,0.181804322,0.958070654
Diflunisal,0.169832226,0.885072359
Vardenafil,0.37555388,0.941663641
Ranitidine,0.521465705,0.768080459
Tacrolimus,0.444233326,0.74275503
Benzphetamine,0.299171607,0.811171004
Ritodrine,0.497938204,0.654882281
Benzonatate,0.499848268,0.881829652
Dorzolamide,0.358809913,0.753399489
Suprofen,0.132968807,0.940173589
Terbutaline,0.396533233,0.948191669
Conivaptan,0.25614722,0.892056032
Loteprednol etabonate,0.254083088,0.947217107
Guaifenesin,0.23323627,0.839975065
Flupentixol,0.24620474,0.813668267
Eprosartan,0.506888224,0.838220143
Sirolimus,0.765450586,0.837362623
Chlorhexidine,0.322284072,0.808416391
Emtricitabine,0.204271925,0.867341579
Chlorothiazide,0.278568247,0.797562563
Quinapril,0.349731971,0.876275705
Clomifene,0.162928979,0.895380736
Isosorbide dinitrate,0.231411004,0.893197227
Risedronic acid,0.343272999,0.848254023
Pemirolast,0.169326072,0.861302878
Bumetanide,0.464701872,0.658548359
Mechlorethamine,0.071463673,0.940340767
Granisetron,0.172955935,0.911158624
Dienestrol,0.146371606,0.921099915
Sulfapyridine,0.410607216,0.773949816
Oxybuprocaine,0.344068088,0.769582944
Testolactone,0.175138305,0.94642824
Rimexolone,0.206064052,0.91352005
Triazolam,0.552048963,0.710441289
Ethanol,0.134671713,0.865328287
Remifentanil,0.250354978,0.907194591
Didanosine,0.19048971,0.869734696
Methdilazine,0.433752866,0.672092736
Etacrynic acid,0.263126402,0.84036358
Ondansetron,0.151896066,0.910153084
Bimatoprost,0.352557254,0.751932312
Tiagabine,0.470878703,0.8031588
Cocaine,0.248983546,0.91596434
Quinidine,0.269878472,0.828127135
Zonisamide,0.247616064,0.843088066
Paricalcitol,0.126393022,0.907955418
Tinidazole,0.257876499,0.817487095
Repaglinide,0.276131079,0.919776205
Anileridine,0.127366998,0.937943805
Phenformin,0.395929239,0.768870251
Amantadine,0.666170794,0.999991172
Metronidazole,0.451378454,0.660724391
Dinoprostone,0.454832103,0.880584977
Almotriptan,0.412767495,0.772519635
Spectinomycin,0.339827195,0.815433111
Ketotifen,0.426238127,0.702563429
Buprenorphine,0.510786402,0.599630473
Levosimendan,0.077762464,0.955341453
Ceforanide,0.637666346,0.746371601
Cyclobenzaprine,0.540150709,0.79311132
Phenoxybenzamine,0.473310263,0.666690796
Famotidine,0.445215663,0.609813355
Azacitidine,0.282067925,0.840783
Misoprostol,0.360183629,0.914753704
Metacycline,0.314314126,0.989790267
Tipranavir,0.447021072,0.800846247
Mesoridazine,0.45628827,0.610414595
Maprotiline,0.381339433,0.778747292
Oxymetazoline,0.229652345,0.894082276
Salicylic acid,0.333517596,0.666482405
Diethylpropion,0.182618511,0.894467497
Salmeterol,0.625501424,0.910436166
Meclofenamic acid,0.408759673,0.883552046
Methantheline,0.530685165,0.873554427
Hexafluronium,0.566268803,0.985099635
Cycrimine,0.339625539,0.7924045
Zalcitabine,0.205309304,0.873276556
Demecarium,0.642913913,0.864921443
Acetylsalicylic acid,0.479166318,0.65230093
Phenprocoumon,0.29675968,0.957361178
Fulvestrant,0.549784109,0.811871315
Mezlocillin,0.608290387,0.666637989
Felbamate,0.361937891,0.731152078
Fexofenadine,0.373646012,0.721366401
Isoniazid,0.176264387,0.85070385
Naratriptan,0.269356468,0.833909455
Rizatriptan,0.292602425,0.793412282
Netilmicin,0.257913362,0.851693665
Hydrocodone,0.456946387,0.774913913
Methylprednisolone,0.20005891,0.935853304
Pindolol,0.090530316,0.92441543
Mepivacaine,0.193732033,0.858762423
Zaleplon,0.2618601,0.86205862
Bromfenac,0.079129735,0.956738034
Apraclonidine,0.399131618,0.723630155
Telmisartan,0.50372962,0.624341471
Desloratadine,0.412547535,0.721610973
Methyldopa,0.250145295,0.900860644
Alosetron,0.206162432,0.868624805
Dactinomycin,0.392748238,0.955442472
Azelastine,0.358561719,0.745583068
Ezetimibe,0.366997703,0.835203204
Edetic acid,0.360101462,0.741693066
Dipyridamole,0.508197344,0.609898424
Telithromycin,0.436691153,0.840613251
Ethinylestradiol,0.155266449,0.939004209
Lomefloxacin,0.190443724,0.877180157
Cyclopentolate,0.381965456,0.762166807
Ramelteon,0.659446087,0.678737573
Physostigmine,0.169800322,0.912031572
Isotretinoin,0.117466319,0.938770388
Formoterol,0.563651383,0.759116125
Nandrolone phenpropionate,0.238126817,0.883800382
Dimenhydrinate,0.463247099,0.726384105
Glycopyrronium,0.397154539,0.802390071
Cytarabine,0.274667391,0.8506593
Dopamine,0.168726753,0.867800748
Rivastigmine,0.284329271,0.937062551
Exemestane,0.215329843,0.896317529
Oxaprozin,0.437669791,0.68916572
Methyl aminolevulinate,0.168320738,0.968227869
Azathioprine,0.288302581,0.926719143
Auranofin,0.604991634,0.718170767
Gabapentin,0.331922542,0.913277108
Doxorubicin,0.373475131,0.775142613
Frovatriptan,0.190954127,0.889594659
Hydrochlorothiazide,0.27981273,0.797144399
Cyclacillin,0.35724718,0.902835085
Salbutamol,0.34107553,0.895387898
Levobupivacaine,0.343919328,0.724279583
Cromoglicic acid,0.403964915,0.790794053
Ganciclovir,0.304666029,0.813215794
Hydroxyurea,0.270754197,0.729247411
Letrozole,0.370525477,0.71629813
Tioconazole,0.660442067,0.851698616
Busulfan,0.073996023,0.98811947
Ketoprofen,0.190304123,0.961325074
Edrophonium,0.352959437,0.923461269
Metyrapone,0.354088101,0.856298383
Cinacalcet,0.533114588,0.796307189
Clobetasol propionate,0.266466131,0.996845688
Balsalazide,0.081769655,0.933937784
Sulfamethoxazole,0.423942075,0.765644005
Glyburide,0.420285141,0.668481418
Minocycline,0.313195588,0.932003518
Guanfacine,0.337808046,0.757791789
Bethanechol,0.318385664,0.876220568
Isosorbide mononitrate,0.293407223,0.847976594
Trichlormethiazide,0.255293921,0.849428906
Phylloquinone,0.523776687,0.966032545
Felodipine,0.629223996,0.706348335
Mycophenolic acid,0.268290895,0.936252606
Amlexanox,0.140429003,0.879536267
Ketoconazole,0.367726506,0.81812619
Methoxyflurane,0.519453899,0.781033821
Irbesartan,0.247679697,0.933567398
Topotecan,0.148330381,0.892352132
Ethinamate,0.508915319,0.787325848
Probenecid,0.351356519,0.965964397
Mercaptopurine,0.3493535,0.6506465
Procainamide,0.163834162,0.886462506
Tolterodine,0.394330078,0.732904758
Selegiline,0.228017002,0.857973706
Fenofibrate,0.238285093,0.861256052
Thalidomide,0.18112488,0.948666955
Melphalan,0.274396866,0.783802843
Gatifloxacin,0.233102102,0.852077672
Rifampicin,0.518754219,0.803607696
Lubiprostone,0.064824936,0.971909753
Fluocinonide,0.269094452,0.880243322
Abacavir,0.224612105,0.824833214
Ibuprofen,0.133009232,0.994417203
Novobiocin,0.234995524,0.93944131
Benzylpenicillin,0.494058797,0.839134551
Nitrendipine,0.609047638,0.698529797
Tocainide,0.262667956,0.829924221
Echothiophate,0.450770747,0.814666408
Praziquantel,0.368738545,0.71680298
Norfloxacin,0.180475878,0.841926539
Amoxicillin,0.31190854,0.84187166
Azlocillin,0.468097124,0.790650529
Oxybutynin,0.331844173,0.870375827
Acetophenazine,0.281179235,0.767516728
Isoprenaline,0.31131845,0.911328094
Melatonin,0.486264044,0.627084621
Cefditoren,0.319218047,0.881727392
Glipizide,0.455324202,0.608106489
Clonazepam,0.58295658,0.64460059
Promethazine,0.45013475,0.592640769
Dihydrotachysterol,0.144996573,0.921403735
Atazanavir,0.292021652,0.957715507
Fludarabine,0.389945241,0.772072371
Perhexiline,0.477012422,0.618579528
Diphenhydramine,0.46317183,0.724856577
Atorvastatin,0.283483499,0.880084668
Etidronic acid,0.447698572,0.920391871
Deslanoside,0.035670884,0.985883054
Tegaserod,0.414870157,0.601372584
Vigabatrin,0.139919907,0.890731197
Diphenoxylate,0.248162065,0.933047165
Streptomycin,0.36687874,0.787047157
Orlistat,0.528300267,0.785324879
Emedastine,0.372845005,0.820149632
Pilocarpine,0.255870587,0.938513561
Benzocaine,0.146750636,0.853249944
Primaquine,0.46728605,0.810689221
Iloprost,0.323855361,0.929790891
Deserpidine,0.286811765,0.816728496
Pentolinium,0.063101017,0.982475312
Butenafine,0.282493011,0.812227764
Ouabain,0.130203087,0.990547948
Dimethyl sulfoxide,0.564539165,0.628199908
Fluvastatin,0.270953669,0.785825334
Oxamniquine,0.180169722,0.882440907
Leflunomide,0.086733011,0.954344957
Rosuvastatin,0.21851768,0.838345939
Flucytosine,0.282653291,0.717346709
Pimozide,0.332664894,0.887158874
Capecitabine,0.114476147,0.932770848
Arbutamine,0.38886262,0.709180572
Sertraline,0.27727836,0.955489298
Sibutramine,0.313866005,0.83102244
Levocabastine,0.158622415,0.902655863
Methyprylon,0.732460269,0.956723167
Trilostane,0.186613988,0.881903204
Miconazole,0.547463164,0.866716403
Cefuroxime,0.197912126,0.890077981
Papaverine,0.328203322,0.82689819
Chlorpheniramine,0.311690008,0.779371955
Nifedipine,0.582046451,0.765071921
Trimethaphan,0.385900407,0.717744498
Atovaquone,0.078657198,0.939789825
Amiodarone,0.386611215,0.785459334
Diazoxide,0.269107071,0.79162226
Gliclazide,0.141636134,0.936816995
Phenacemide,0.199284181,0.911036271
Ambenonium,0.503867939,0.752748412
Proflavine,0.128051736,0.871948383
Tolbutamide,0.398705994,0.674506652
Anisindione,0.123557236,0.906896273
Dutasteride,0.136019936,0.899262064
Econazole,0.340550308,0.797017319
Bicalutamide,0.321752722,0.850864326
Rabeprazole,0.494356169,0.669733619
Prednicarbate,0.232000248,0.952375684
Proguanil,0.392339352,0.826264149
Pioglitazone,0.324419283,0.849509634
Tiludronic acid,0.20925787,0.917435655
Doxacurium,0.752544628,0.875155768
Carvedilol,0.616467769,0.798855942
Levofloxacin,0.185584361,0.857979274
Sulfinpyrazone,0.460083143,0.877822474
Cefapirin,0.308051807,0.980219498
Cefadroxil,0.260332617,0.859704569
Micafungin,0.125035543,0.970692492
Doxepin,0.58848239,0.728854535
Amifostine,0.408370163,0.746132557
Diclofenamide,0.392240573,0.678336135
Sulfoxone,0.114934616,0.953533714
Diphenylpyraline,0.361956508,0.781304532
Cloxacillin,0.411400566,0.937125965
Flavoxate,0.476203387,0.751517223
Nefazodone,0.414407123,0.82159481
Cefprozil,0.300254657,0.803672889
Desipramine,0.534373219,0.855947319
Candicidin,0.150064057,0.987865194
Sertaconazole,0.515893161,0.966997756
Thiamylal,0.622255455,0.74292804
Gemifloxacin,0.190893425,0.826126977
Bupropion,0.140657056,0.943358454
Trimetrexate,0.204436625,0.942675778
Bretylium,0.419805969,0.68438459
Halothane,0.430026327,0.708104215
Dinoprost tromethamine,0.454333499,0.94615824
Chloroprocaine,0.303350787,0.930447674
Terazosin,0.108789308,0.927522662
Ofloxacin,0.185598273,0.857962714
Cilostazol,0.432018084,0.814382826
Itraconazole,0.055433582,0.983373469
Procarbazine,0.087792608,0.959155427
Guanethidine,0.398071719,0.864209828
Moclobemide,0.184972294,0.873020995
Kanamycin,0.249681651,0.825845434
Orphenadrine,0.517669817,0.731560915
Phenobarbital,0.430206103,0.978794835
Escitalopram,0.423794701,0.763690916
Cyclizine,0.466648679,0.655680122
Idarubicin,0.337902449,0.805417794
Chlormezanone,0.225391733,0.885510783
Podofilox,0.459879653,0.816558714
Rescinnamine,0.339131968,0.749170719
Ifosfamide,0.398566264,0.892753362
Propafenone,0.632300598,0.755853112
Naloxone,0.40822438,0.797714216
Domperidone,0.342794789,0.799222774
Fluoxymesterone,0.218179173,0.934371731
Pergolide,0.286628784,0.747429466
Iophendylate,0.399654893,0.878837372
Ciclopirox,0.268596761,0.801271759
Desflurane,0.277395165,0.913334676
Clindamycin,0.25787197,0.829639142
Dexfenfluramine,0.317055998,0.805268655
Oxymorphone,0.520807682,0.724502967
Acebutolol,0.172831705,0.926601205
Brinzolamide,0.33974488,0.848930986
Flecainide,0.295466915,0.886050321
Estramustine,0.127523433,0.923400434
Captopril,0.331509461,0.806699454
Zopiclone,0.362884522,0.758710189
Tubocurarine,0.349690905,0.791511789
Bromocriptine,0.203738954,0.955870397
Rifapentine,0.368677732,0.884140996
Levetiracetam,0.365473845,0.756326597
Nadolol,0.117402779,0.920495853
Mitoxantrone,0.312684677,0.794454991
Flumazenil,0.238282879,0.821010002
Lomustine,0.27445589,0.802778315
Sparfloxacin,0.243054839,0.859699558
Dezocine,0.465783005,0.948743974
Levobunolol,0.088760087,0.93503677
Clarithromycin,0.398718025,0.842335149
Ceftriaxone,0.12151216,0.943300681
Fomepizole,0.252233729,0.747766271
Metipranolol,0.09505942,0.937291636
Estazolam,0.491317913,0.617555824
Finasteride,0.139170703,0.911909795
Anastrozole,0.511582774,0.587493644
Halofantrine,0.613501228,0.727151882
Dantrolene,0.112602562,0.887413033
Rifaximin,0.52884108,0.691964755
Ketamine,0.580927093,0.823756852
Budesonide,0.315166265,0.899212435
Aminophylline,0.4258773,0.5741227
Quetiapine,0.581943536,0.718081115
Mivacurium,0.726663009,0.800997233
Levacetylmethadol,0.770505469,0.825647992
Encainide,0.374423419,0.766301654
Paclitaxel,0.534976305,0.846445643
Pemoline,0.260431334,0.860852211
Diphenidol,0.240600568,0.870868989
Saquinavir,0.238277512,0.972939754
Metoclopramide,0.167799973,0.880406391
Dexamethasone,0.207698992,0.929520688
Levodopa,0.286280482,0.867640444
Sevoflurane,0.594853693,0.653408196
Bromodiphenhydramine,0.224072501,0.876053431
Aripiprazole,0.437904079,0.664070945
Chlorprothixene,0.500810989,0.777503203
Epoprostenol,0.384465535,0.897335467
Gemfibrozil,0.130587102,0.915531747
Clomipramine,0.551757216,0.708198555
Chloroxine,0.40432217,0.595677831
Bepridil,0.49488368,0.846891629
Decamethonium,0.023329072,0.997539748
Alimemazine,0.507174075,0.676296852
Isocarboxazid,0.204333808,0.836810998
Docetaxel,0.474284721,0.900395294
Iodixanol,0.791697063,0.831725082
Olsalazine,0.112992714,0.887024117
Gliquidone,0.533225002,0.663540785
Ergometrine,0.263071302,0.813717377
Dasatinib,0.057501811,0.990213987
Lisdexamfetamine,0.478532786,0.632553353
Retapamulin,0.417925317,0.944407087
Lapatinib,0.482357319,0.833424642
Desonide,0.248731273,0.924654176
Sitagliptin,0.438076406,0.699300775
Decitabine,0.2302606,0.842939085
Posaconazole,0.034715292,0.98622715
Darunavir,0.360629058,0.890089941
Telbivudine,0.225471898,0.837364811
Paliperidone,0.13910417,0.938392694
Sunitinib,0.145602635,0.964640232
Varenicline,0.2114389,0.909806342
Arformoterol,0.482752566,0.700279709
Hydralazine,0.308213011,0.691797744
Nelarabine,0.336048915,0.817994083
Carbetocin,0.333271118,0.935163099
Lumiracoxib,0.471729097,0.909011851
Fenoterol,0.610364872,0.658488018
Pirbuterol,0.344374003,0.91809242
Glucosamine,0.4361688,0.640253672
Practolol,0.057928804,0.956037168
Sulfacytine,0.44262297,0.742157974
Sulfadoxine,0.371380689,0.881661821
Rolitetracycline,0.280219465,0.917819176
Oxtriphylline,0.425880112,0.574119888
Fosamprenavir,0.539880455,0.828540912
Fosphenytoin,0.311402232,0.856185949
Kava,0.133566793,0.921744693
Polythiazide,0.172917692,0.875170538
Quinethazone,0.252603697,0.83719271
Cefamandole,0.159116128,0.961573738
Cefazolin,0.231485273,0.95817318
Cefonicid,0.421776805,0.802987455
Cefoperazone,0.604777517,0.643333371
Cefotetan,0.516516652,0.76758944
Cefoxitin,0.19121225,0.908139687
Ceftizoxime,0.254256103,0.834355787
Cefradine,0.222399422,0.911897655
Metocurine,0.368141337,0.792386232
Pancuronium,0.168918406,0.909336608
Pipecuronium,0.184633173,0.961982785
Vecuronium,0.196680495,0.940174005
Cilazapril,0.425642291,0.761212665
Quinidine barbiturate,0.339694729,0.843140493
Spirapril,0.236637235,0.926962823
Amobarbital,0.491034516,0.936322418
Butobarbital,0.570875008,0.923034488
Mestranol,0.136157164,0.944269379
Penbutolol,0.485410451,0.756141896
Iohexol,0.503690439,0.660297339
Ephedrine,0.211110336,0.96399203
Mephentermine,0.201931281,0.943737656
Procaterol,0.327976407,0.81024596
Rasagiline,0.200014831,0.882110146
Quinupristin,0.671602619,0.713416998
Cortisone acetate,0.188356731,0.894532077
Glymidine,0.190714273,0.908021817
Sodium bicarbonate,0.483457043,0.516542957
Yohimbine,0.234473053,0.833084109
Bezafibrate,0.361947547,0.726349559
Colchicine,0.385541022,0.831236821
Drospirenone,0.149341752,0.92611685
Digitoxin,0.043403137,0.992473587
Salsalate,0.253942567,0.839786985
Neostigmine,0.21151566,0.922649887
Choline magnesium trisalicylate,0.333526645,0.666473357
Methotrimeprazine,0.505800597,0.637750049
Danazol,0.160865223,0.952830925
Clenbuterol,0.437356312,0.898066402
Tiotropium,0.434419364,0.853237549
Ciclesonide,0.287007967,0.865215896
Cefepime,0.16333699,0.907474915
Ceftibuten,0.358113944,0.774217587
Cefpodoxime,0.212058739,0.876036621
Acenocoumarol,0.309349008,0.835907945
Antrafenine,0.317801591,0.858050883
Testosterone propionate,0.160929748,0.92369895
Paromomycin,0.378202447,0.788662841
Aminophenazone,0.230096317,0.835887684
Ajmaline,0.259809353,0.832394692
Amrinone,0.13118439,0.868819857
Oxybenzone,0.21277082,0.83032676
Almitrine,0.491463909,0.872037799
Antipyrine,0.263434312,0.808918779
Alfacalcidol,0.136916579,0.953875348
Glutethimide,0.489291179,0.896986343
Phenazopyridine,0.099502599,0.900549082
gamma-Hydroxybutyric acid,0.269816074,0.783302078
Diamorphine,0.403377601,0.771686825
Dichloralphenazone,0.263426475,0.808886974
Difenoxin,0.196642024,0.918063029
Flunitrazepam,0.568365536,0.60408193
Dihydrocodeine,0.463619733,0.777191873
Bromazepam,0.428231633,0.640996546
Clotiazepam,0.532262178,0.73460701
Chloral hydrate,0.79089508,0.904924572
Attapulgite,0,0
Kaolin,0.264991121,0.997370783
Dextroamphetamine,0.186731135,0.916142716
Metamfetamine,0.158169763,0.943726446
Phendimetrazine,0.236429299,0.897131545
Oxprenolol,0.477912704,0.634385899
Sulfamerazine,0.460695566,0.7801484
Sulfamethazine,0.433098699,0.82296605
Liotrix,0.431217426,0.989310265
Ursodeoxycholic acid,0.1590843,0.950349239
Ketazolam,0.615770982,0.917979603
Prazepam,0.607174314,0.721408536
Quazepam,0.590217586,0.826415603
Everolimus,0.540067162,0.863360011
Solifenacin,0.322138456,0.873026316
Nitrazepam,0.504815199,0.575174347
Cilastatin,0.262627965,0.902377605
Imipenem,0.349579586,0.947829479
Probucol,0.446102625,0.84388668
Tiaprofenic acid,0.14099456,0.942085819
Lopinavir,0.454378934,0.78235798
Bacampicillin,0.214237848,0.876813303
Meticillin,0.300964126,0.85324879
Pivampicillin,0.258438721,0.882042394
Pivmecillinam,0.558256777,0.769010024
Tazobactam,0.34528767,0.791223095
Ticarcillin,0.324625544,0.831041208
Periciazine,0.312121342,0.739773342
Deferasirox,0.310614077,0.733381988
Valganciclovir,0.513723189,0.871610803
Hydroxychloroquine,0.478135531,0.813944972
Amyl Nitrite,0.159737264,0.903110795
Erythrityl tetranitrate,0.446136507,0.679629182
Alverine,0.397305571,0.691530176
Molindone,0.135918456,0.909989554
Phenindamine,0.494510253,0.592431177
Pheniramine,0.460016881,0.671334627
Pipotiazine,0.480808963,0.857519174
Thiothixene,0.344427964,0.752978893
Zuclopenthixol,0.194103685,0.852697702
Isopropamide,0.525868527,0.838589945
Pargyline,0.257866953,0.823193112
Lincomycin,0.271652172,0.944656637
Etoricoxib,0.375625404,0.675387645
5-O-phosphono-alpha-D-ribofuranosyl diphosphate,0.226580494,0.898571462
Sorbitol,0.157437556,0.937668532
Roflumilast,0.200839997,0.934275096
Rutin,0.680778863,0.855314474
Prasterone,0.15434696,0.913998653
Cetrimonium,0.314004318,0.730751425
Camphor,0.686597236,0.934987638
Dalfopristin,0.4888466,0.932721512
Pantothenic acid,0.369520325,0.850668861
Propylene glycol,0.272878623,0.760028823
D-glucose,0.471900506,0.817063044
Taurine,0.381746838,0.953356046
Cocarboxylase,0.197606354,0.926967801
Flufenamic acid,0.235764849,0.857826858
Calcipotriol,0.175735216,0.877787057
Isopropyl alcohol,0.528080858,0.529566737
Aminobenzoic acid,0.15569327,0.84430743
Thymol,0.303244721,0.809513492
gamma-Aminobutyric acid,0.276100086,0.774121822
Vorinostat,0.214965629,0.841570284
Terlipressin,0.527652941,0.770227878
Cholic Acid,0.15518754,0.962895673
Nicotinamide,0.225764038,0.797071923
Fusidic acid,0.343262481,0.726732621
Sucrose,0.516512842,0.853704388
Pregnenolone,0.134704494,0.9204181
D-Methionine,0.217488539,0.909739443
Piretanide,0.511967586,0.664476633
Oxitriptan,0.252658722,0.826528227
Lauric acid,0.064977157,0.9786289
Glycolic acid,0.251422964,0.748577038
Pidolic acid,0.208862888,0.806711054
Acetylcholine,0.184516354,0.938655962
Flavin adenine dinucleotide,0.491770933,0.838858789
Acetic acid,0.496026387,0.503973613
Propyl alcohol,0.213269975,0.847639914
Stearic acid,0.014413141,0.993617497
Oteracil,0.343667115,0.656332887
Flavin mononucleotide,0.348947074,0.772190081
Phenol,0.294797802,0.705202199
Glutathione disulfide,0.747656394,0.883511063
Brivudine,0.124774478,0.900002897
Oxyphenbutazone,0.384759077,0.739111988
Ribostamycin,0.510478468,0.610829816
Deoxycholic acid,0.143435489,0.96966566
Tromethamine,0.610605112,0.610612869
Doconexent,0.635551654,0.951896416
Propanoic acid,0.280831432,0.736965493
Benzoic acid,0.220490624,0.779509376
Palmitic Acid,0.038161891,0.974369905
Hexamidine,0.352398409,0.744248755
Formaldehyde,-9.89E-17,1
Urea,0.456401881,0.543598119
D-Serine,0.424656443,0.748421673
Ergosterol,0.073737097,0.959621559
Berberine,0.118991052,0.887365821
Pyrophosphoric acid,0.341840201,0.97946038
Fructose,0.531159485,0.749244111
Dequalinium,0.610755718,0.888675584
Didecyldimethylammonium,0.295256614,0.820046305
Oleic Acid,0.260875822,0.844381453
Citric acid,0.455726638,0.814628187
Carbocisteine,0.298886665,0.897408027
Taurocholic acid,0.175943348,0.935113517
Lactic acid,0.388629259,0.693429493
Lactose,0.292821819,0.79960648
Cholesterol,0.124850172,0.995000405
Gluconolactone,0.643220517,0.682355485
Latamoxef,0.181418687,0.984840669
Trioxsalen,0.21612176,0.783878253
Thiotepa,0.742140618,0.747075777
Estriol,0.138782577,0.898976149
Estrone sulfate,0.088473721,0.950859676
Quinestrol,0.091806359,0.965896522
Carboxin,0.165256273,0.909422696
Hesperidin,0.393554266,0.763787713
Iodipamide,0.408948579,0.862968905
Nimesulide,0.484517282,0.604097138
Bifonazole,0.231890693,0.834508571
Benoxaprofen,0.079432154,0.959706075
Bithionol,0.321035743,0.957206067
Clioquinol,0.24681843,0.75318157
Dantron,0.333708417,0.666291594
Metamizole,0.257672151,0.896775287
Nialamide,0.495558002,0.670696565
Nomifensine,0.332368903,0.755306771
Oxeladin,0.420824832,0.77835977
Phenolphthalein,0.59963384,0.677078674
Prenylamine,0.316273576,0.942319604
Thenalidine,0.330759762,0.806224614
Urethane,0.185936347,0.814063746
Zimelidine,0.227469752,0.834971049
Rapacuronium,0.219929481,0.950672612
Maraviroc,0.559998448,0.710461343
Clofedanol,0.466992067,0.788355933
Cyclandelate,0.324473637,0.942387071
Cyproterone acetate,0.248051915,0.937534803
Debrisoquine,0.196682512,0.857069606
Flunarizine,0.213314205,0.830394794
Fluspirilene,0.370623086,0.89762013
Mepenzolate,0.450476486,0.839556051
Tetrabenazine,0.165495119,0.885189678
Ixabepilone,0.251807907,0.847340642
Celiprolol,0.159878902,0.910797566
Febuxostat,0.109240105,0.906821523
Dronedarone,0.481557546,0.727789844
Nebivolol,0.094500272,0.940685676
Huperzine A,0.441921319,0.926264513
Omacetaxine mepesuccinate,0.484116024,0.731149924
Nilotinib,0.411377647,0.671379506
Lorcaserin,0.247276347,0.807418566
Enoximone,0.132695616,0.90633906
Bepotastine,0.151591498,0.899995381
Milnacipran,0.492114555,0.702915198
Ximelagatran,0.488126957,0.897590917
Flibanserin,0.112117464,0.919917284
Ceftobiprole,0.104757236,0.947120861
Clevidipine,0.471051335,0.780838728
Permethrin,0.551466094,0.806383053
Ospemifene,0.310058687,0.748320068
Iloperidone,0.061563539,0.952559463
Lofexidine,0.739774151,0.834356441
Pirfenidone,0.261707531,0.814608909
Ezogabine,0.18665679,0.88948013
Ingenol mebutate,0.478397214,0.845370247
Belinostat,0.402221765,0.735988455
Ataluren,0.157769373,0.846451231
Migalastat,0.318180548,0.791314767
Indacaterol,0.454887165,0.683757417
Erdosteine,0.232919249,0.913948451
Trabectedin,0.579893876,0.855001207
Pretomanid,0.416989019,0.695216379
Crisaborole,0.127481449,0.920584975
Cobimetinib,0.378007559,0.704797257
Silver sulfadiazine,0.413261553,0.783301035
Methsuximide,0.308977832,0.970681043
Gallium nitrate,0.49972552,0.50027448
Rotigotine,0.211569845,0.942769205
Samarium (153Sm) lexidronam,0.478043431,0.661003991
Vandetanib,0.06449646,0.952058265
Pimavanserin,0.217404441,0.9516888
Dexlansoprazole,0.538697481,0.677347037
Histamine,0.214889012,0.831225108
Iodine,-1.82E-16,1
Telaprevir,0.51197059,0.887699743
Brivaracetam,0.368787616,0.811898665
Apremilast,0.532259815,0.813461671
Abiraterone,0.12800878,0.933531983
Obeticholic acid,0.16223085,0.940551753
Cariprazine,0.062135684,0.957135929
Lumateperone,0.506982817,0.851650514
Cenobamate,0.603575081,0.764169988
Tirbanibulin,0.109727523,0.93511544
Sertindole,0.212887563,0.835245999
Spiramycin,0.252969223,0.843762528
Sulfathiazole,0.266880335,0.904792139
Mianserin,0.514457965,0.596109263
Sulfadimethoxine,0.415068015,0.854291676
Acetylcysteine,0.465521188,0.771597888
Nylidrin,0.503946527,0.874168426
Pizotifen,0.45997584,0.663401935
Pentaerythritol tetranitrate,0.732666626,0.999997755
Rimonabant,0.474004999,0.765559135
Noscapine,0.518551712,0.811354568
Romidepsin,0.650794324,0.944469904
Pixantrone,0.443421416,0.603002694
Icatibant,0.631159892,0.761982074
Rufinamide,0.236825323,0.866792269
Lasofoxifene,0.322545965,0.742047028
Alogliptin,0.542273539,0.712457531
Tapentadol,0.343659222,0.896075334
Silodosin,0.643113418,0.952490255
Prasugrel,0.17760175,0.919413148
Eltrombopag,0.125184417,0.910085994
Doripenem,0.380830039,0.895373111
Tolvaptan,0.263791279,0.845466923
Regadenoson,0.273014228,0.77709028
Asenapine,0.378025451,0.700828538
Vernakalant,0.354438268,0.839677601
Lacosamide,0.278440047,0.903663292
Rivaroxaban,0.359093422,0.801840477
Nalmefene,0.359235439,0.837794467
Avanafil,0.379216438,0.816312242
Eflornithine,0.470994328,0.839189263
Arzoxifene,0.161878406,0.897517202
Hexaminolevulinate,0.078864772,0.988104035
Droxidopa,0.343928387,0.935112102
Udenafil,0.533117387,0.773669701
Sitaxentan,0.607088183,0.850225363
Alvimopan,0.597377417,0.722680265
Levocetirizine,0.248357125,0.805629887
Temsirolimus,0.416124853,0.898651086
Amisulpride,0.187400545,0.893536985
Simeprevir,0.490593901,0.938513445
Dapagliflozin,0.265777049,0.88866017
Bazedoxifene,0.608324158,0.668998692
Ambrisentan,0.419130418,0.828672281
Doxercalciferol,0.145148579,0.899702164
Oxymetholone,0.180907446,0.886219566
Armodafinil,0.514913379,0.675392551
Etravirine,0.344904989,0.722705163
Cangrelor,0.212890478,0.914987106
Lonafarnib,0.342229212,0.858730516
Prucalopride,0.084906391,0.937834941
Pazopanib,0.498558107,0.660153231
Ceftaroline fosamil,0.254812778,0.847485245
Agomelatine,0.512326341,0.621151594
Midostaurin,0.699079945,0.883112764
Panobinostat,0.327962959,0.799629237
Apixaban,0.246337957,0.778236092
Tafenoquine,0.559589543,0.855868422
Peramivir,0.530525342,0.748635724
Bosutinib,0.223393442,0.87462249
Axitinib,0.127891935,0.970580229
Isavuconazonium,0.412795005,0.778206628
Dalfampridine,0.294526743,0.705473424
Safinamide,0.12713919,0.987832225
Pasireotide,0.549668666,0.825022124
Vilazodone,0.521391779,0.751103855
Ethanolamine oleate,0.378646066,0.838510605
Nitrous oxide,0.000178501,0.999821499
Mepyramine,0.30578854,0.773418787
Xylometazoline,0.205525242,0.92080903
Dabigatran etexilate,0.348791543,0.854714886
Artemether,0.563684582,0.711875434
Betahistine,0.22866987,0.857207078
Desvenlafaxine,0.479630297,0.696556122
Dexmethylphenidate,0.485770501,0.705697405
Fesoterodine,0.706474507,0.853389612
Iobenguane,0.145541614,0.89571362
Gadofosveset trisodium,0.492338793,0.692054772
Isometheptene,0.340801767,0.794594826
Levonordefrin,0.216588791,0.92283843
Lumefantrine,0.468511898,0.763261508
Methacholine,0.314988392,0.872022174
Methyltestosterone,0.175363241,0.941286842
Naphazoline,0.170011577,0.880226322
Nilvadipine,0.551496738,0.729198357
Propylhexedrine,0.156507734,0.931241752
Fospropofol,0.342742136,0.763547368
Fosaprepitant,0.254774856,0.910109713
Stanozolol,0.139802833,0.924285669
Aluminum hydroxide,0,0
Calcium carbonate,0.483468116,0.516531884
Lornoxicam,0.202537053,0.845001074
Sulfaphenazole,0.625540036,0.730361309
Aceclofenac,0.441908221,0.800601431
Ambroxol,0.380580911,0.749834586
Drotaverine,0.427588945,0.820799678
Triclofos,0.285630761,0.990793779
Beta carotene,0.026361217,0.990082587
Glycine betaine,0.302409208,0.913038981
Pinacidil,0.384612777,0.759247542
Tetryzoline,0.329995444,0.760433197
Alcaftadine,0.401595891,0.702951415
Ammonium chloride,0,0
Ammonium lactate,0.388646463,0.693462657
Bendamustine,0.191127638,0.852028757
Benzyl alcohol,0.225420388,0.83349312
Besifloxacin,0.26338392,0.868395364
Cabazitaxel,0.50447255,0.868464351
Capsaicin,0.51685556,0.704952361
Carglumic acid,0.427230566,0.725978652
Chenodeoxycholic acid,0.142969047,0.965315366
Cupric sulfate,0.997955676,0.998949192
Desoxycorticosterone acetate,0.161715166,0.898801061
Difluprednate,0.254762783,0.948302888
Dimercaprol,0.306450887,0.769688731
Gallium citrate Ga-67,0.455756026,0.814618669
Halcinonide,0.222561085,0.915937333
Hexocyclium,0.296170852,0.841383569
Histrelin,0.584415084,0.930884881
Hydroxyprogesterone caproate,0.293143217,0.866190045
Lanreotide,0.499966233,0.878963493
Lanthanum carbonate,0.4834515,0.5165485
Lodoxamide,0.259178284,0.757726095
Mafenide,0.153929575,0.952314114
Mangafodipir,0.372034957,0.789098505
Mebutamate,0.564160112,0.630355189
Methenamine,0.999962494,0.999987023
Methylnaltrexone,0.350460695,0.821074808
Nepafenac,0.148760202,0.907966823
Niclosamide,0.124370087,0.913501798
Nonoxynol-9,0.397837666,0.914890744
Phenyl aminosalicylate,0.129793383,0.929103282
Plerixafor,0.322834389,0.867917722
Plicamycin,0.087137203,0.968259147
Polidocanol,0.605547809,0.662553465
Pralatrexate,0.236052424,0.837914102
Protokylol,0.53863804,0.684196214
Pyrithione,0.346491948,0.653508052
Pyrvinium,0.056081748,0.961823061
Raltegravir,0.379752817,0.841661768
Phenylbutyric acid,0.194621181,0.877467673
Sulconazole,0.419857179,0.807385956
Sulfameter,0.338828121,0.798660291
Tiopronin,0.170422995,0.933506702
Triethylenetetramine,0.291657495,0.880611174
Triptorelin,0.64131357,0.916129032
Unoprostone,0.373728093,0.895805465
Viomycin,0.640793909,0.901646911
Chloramphenicol succinate,0.383516045,0.846362901
Flavone,0.191727507,0.827467417
Sulthiame,0.153239532,0.933383363
Parecoxib,0.266722809,0.777218642
Triclosan,0.208270705,0.932322889
Salicylamide,0.337615302,0.692642237
Antazoline,0.496041397,0.743882948
Dimetindene,0.616914589,0.631686003
Nandrolone decanoate,0.331812974,0.812322844
Dichloroacetic acid,0.457321853,0.554546711
Triflusal,0.308730043,0.789497896
Lurasidone,0.204647635,0.913881037
Ticagrelor,0.251827839,0.838876879
Hyaluronic acid,0.200188378,0.957140799
Tafluprost,0.580001497,0.636181635
Ivacaftor,0.154442235,0.892970362
Azilsartan medoxomil,0.414077432,0.82925245
Spinosad,0.192621701,0.878281628
Ioflupane I-123,0.102966169,0.952511069
Deferiprone,0.366922002,0.635184008
Lomitapide,0.492366562,0.923188596
Vismodegib,0.120030368,0.922452245
Acetylcarnitine,0.489423133,0.688325313
Pitavastatin,0.250716236,0.792993842
Rilpivirine,0.050379372,0.97548164
Crizotinib,0.315239649,0.85956128
Ulipristal,0.545507712,0.588400113
Fingolimod,0.483932187,0.724278387
Eribulin,0.375586661,0.976403412
Gabapentin enacarbil,0.362605117,0.824229317
Boceprevir,0.367092202,0.836370973
Fidaxomicin,0.462927437,0.960076757
Cabozantinib,0.146079,0.912290315
Ruxolitinib,0.264357455,0.904182252
Teriflunomide,0.110012962,0.920802433
Vemurafenib,0.507966051,0.762271211
Linagliptin,0.274480274,0.896658025
Perampanel,0.534642708,0.603742632
Gadoxetic acid,0.521620561,0.956062907
Icosapent ethyl,0.544315967,0.862612189
Carfilzomib,0.527358474,0.832253948
Linaclotide,0.62325735,0.964016551
Mirabegron,0.360894844,0.799976343
Tofacitinib,0.404041277,0.845074743
Regorafenib,0.234456306,0.808784487
Aclidinium,0.454001035,0.80754001
Enzalutamide,0.153529119,0.965755605
Ponatinib,0.118989123,0.964731303
Bedaquiline,0.323611278,0.926261596
Formestane,0.182340291,0.911730197
Fluticasone furoate,0.36517787,0.890896669
Canagliflozin,0.246874025,0.829907013
Dimethyl fumarate,0.08815993,0.911840071
Glycerol phenylbutyrate,0.604880747,0.935876895
Pomalidomide,0.189600532,0.925724664
Trametinib,0.149043967,0.949109392
Dabrafenib,0.356953973,0.797085776
Afatinib,0.170542032,0.856420438
Levomilnacipran,0.486774569,0.738966242
Dolutegravir,0.146561906,0.945443774
Riociguat,0.210353222,0.875059171
Macitentan,0.424485914,0.726471179
Luliconazole,0.145559538,0.970274511
Sofosbuvir,0.469579812,0.841622703
Chlorcyclizine,0.396784366,0.692606952
Magaldrate,0.997955676,0.998949192
Isoxsuprine,0.10327638,0.966343645
Isoxicam,0.187049586,0.893502223
Isoconazole,0.7532811,0.877118677
Isoaminile,0.572537359,0.774625543
Iopanoic acid,0.462818996,0.63502308
Iopamidol,0.534171647,0.61772578
Inositol nicotinate,0.494425614,0.811975307
Indoramin,0.05552849,0.988258306
Hexetidine,0.458950893,0.712130153
Gemeprost,0.379476758,0.806293554
Fusafungine,0.545698749,0.728847197
Fursultiamine,0.418302089,0.703025069
Dimetotiazine,0.359729125,0.727983973
Fluocortolone,0.22508407,0.891200367
Fluclorolone acetonide,0.294820152,0.905255729
Floctafenine,0.293807239,0.801890429
Fenbufen,0.077720051,0.991452697
Etilefrine,0.393229183,0.863548286
Etidocaine,0.282128665,0.910298438
Ethoheptazine,0.473263262,0.739271554
Diosmin,0.47057659,0.925124958
Articaine,0.371873687,0.74141824
Canrenoic acid,0.139960615,0.988511947
Bromhexine,0.292821021,0.737256974
Bisacodyl,0.423331167,0.655603507
Aliskiren,0.568402227,0.865303851
Ledipasvir,0.104799331,0.976672337
Vorapaxar,0.228514093,0.82382166
Miltefosine,0.365305502,0.737030202
Suvorexant,0.354515359,0.793290115
Empagliflozin,0.218813179,0.913173749
Eliglustat,0.332262645,0.910016896
Efinaconazole,0.311805697,0.845456165
Tavaborole,0.197311821,0.80268819
Tedizolid phosphate,0.057946205,0.969948843
Finafloxacin,0.179097815,0.882066987
Netupitant,0.229253156,0.906096783
Naloxegol,0.652507981,0.897119955
Ceftolozane,0.366223279,0.853429676
Ibrutinib,0.242311369,0.899813694
Idelalisib,0.504521049,0.754900975
Acipimox,0.211124038,0.788875963
Amorolfine,0.489061037,0.744536122
Atosiban,0.601590965,0.895483586
Avibactam,0.18055371,0.963791306
Cannabidiol,0.289861289,0.880681027
Ceritinib,0.291456404,0.788149644
Ciprofibrate,0.13069382,0.963369974
Cobicistat,0.329693701,0.927513167
Vortioxetine,0.518500491,0.836660265
Trimetazidine,0.25593725,0.90938982
Tibolone,0.190982705,0.934844435
Tasimelteon,0.397860792,0.737164829
Sodium oxybate,0.270281565,0.783415211
Palbociclib,0.137826429,0.88560885
Olaparib,0.567307757,0.664545114
Edoxaban,0.169637949,0.947038882
Umeclidinium,0.388968863,0.815751024
Lenvatinib,0.390775862,0.809407294
Nintedanib,0.202672314,0.84179536
Olodaterol,0.754313459,0.770331378
Idebenone,0.477060381,0.766840976
Vilanterol,0.580594654,0.725541195
Ivabradine,0.585472023,0.863191763
Benzydamine,0.543522334,0.724789263
Tetracaine,0.09635105,0.955222519
Eugenol,0.292486786,0.755010423
Potassium alum,0.997955676,0.998949192
Amylocaine,0.343562445,0.859530385
Trimebutine,0.166241851,0.912806041
Pinaverium,0.632681604,0.789444985
Tixocortol,0.153219588,0.955435706
Xanthinol,0.368438749,0.927255967
Chlortetracycline,0.331613833,0.898963702
Podophyllin,0.491445062,0.777164185
Difluocortolone,0.225022162,0.894740604
Benzoyl peroxide,0.08657407,0.937562592
Quinagolide,0.40243689,0.7923849
Elvitegravir,0.360557399,0.814079722
Daclatasvir,0.088064954,0.966090745
Magnesium hydroxide,0,0
Coenzyme M,0.171949652,0.992784137
Nitrous acid,0.131008042,0.868991958
Colfosceril palmitate,0.543266605,0.837232637
Diiodohydroxyquinoline,0.299014848,0.700985152
Calcium carbimide,0.00139662,0.99860338
Paraldehyde,0.51238894,0.605867911
Stiripentol,0.128975318,0.949238006
Eslicarbazepine acetate,0.586833977,0.915627529
Zucapsaicin,0.544339648,0.63310362
Dienogest,0.221490771,0.962111427
Medrogestone,0.173255128,0.909218267
Potassium citrate,0.455752456,0.8146476
Brexpiprazole,0.492249987,0.641264635
Gadoteric acid,0.600994672,0.811202651
Iothalamic acid,0.505997309,0.551056244
Ioversol,0.511335644,0.612255127
Ioxilan,0.527499793,0.628188086
Isosulfan blue,0.640454079,0.706248265
Technetium Tc-99m mebrofenin,0.287619418,0.835676982
Technetium Tc-99m medronate,0.289941432,0.975397103
Technetium Tc-99m oxidronate,0.364097386,0.893499154
Oxygen,-1.85E-17,1
Sincalide,0.701277379,0.753657829
Sonidegib,0.143252248,0.89294468
Uridine triacetate,0.5114601,0.772524145
Water,0,0
Iron sucrose,0.375577468,0.962080159
Florbetaben (18F),0.154469529,0.913302881
Florbetapir (18F),0.088891525,0.925395674
Flutemetamol (18F),0.094865151,0.912205475
Nitrogen,-3.61E-17,1
Sodium citrate,0.455765405,0.814594445
Iopromide,0.486645748,0.584711949
Carbon dioxide,0.000315409,0.999684591
Trypan blue free acid,0.048749525,0.97089344
Technetium Tc-99m tetrofosmin,0.582634045,0.689327951
Technetium Tc-99m sestamibi,0.451913261,0.825314342
Technetium Tc-99m disofenin,0.346585139,0.743599866
Technetium Tc-99m pyrophosphate,0.341847593,0.979466457
Dosulepin,0.583565135,0.812419546
Dasabuvir,0.17225315,0.877408121
Viloxazine,0.277279439,0.795946378
Lorpiprazole,0.567114758,0.684443871
Moxisylyte,0.194895648,0.875115593
Pholcodine,0.231637354,0.961677903
Piracetam,0.290416607,0.867776655
Loxoprofen,0.109515249,0.967905117
Dexibuprofen,0.13305894,0.994220188
Dexketoprofen,0.190151256,0.961279464
Tolfenamic acid,0.286618903,0.956379477
Bisoxatin,0.499834614,0.710072946
Nicorandil,0.183701546,0.944791137
Zotepine,0.421468745,0.72647006
Lacidipine,0.65022677,0.830200796
Levamlodipine,0.529145175,0.766939289
Manidipine,0.349991394,0.941692095
Methylene blue,0.104494595,0.896479626
Moxonidine,0.334810392,0.751972509
Tegafur,0.272916128,0.803869869
Gimeracil,0.230814406,0.769185611
Strontium ranelate,0.552539121,0.914743109
Picosulfuric acid,0.199436513,0.866352567
Phenylacetic acid,0.205956033,0.902530934
Ubidecarenone,0.425142739,0.810622282
Eluxadoline,0.341509777,0.869144229
Artesunate,0.243062844,0.887003561
Bismuth subcitrate potassium,0.455721198,0.81466014
Choline C 11,0.351132472,0.962155615
Activated charcoal,0,0
Lumacaftor,0.44031013,0.729991441
Magnesium trisilicate,0.324821751,0.822852552
Molsidomine,0.076233743,0.979622778
Rolapitant,0.345644703,0.89421594
Sacubitril,0.182832781,0.966522934
Iodide I-131,0,0
Ombitasvir,0.205575411,0.936224286
Paritaprevir,0.266117681,0.949143138
Tenofovir alafenamide,0.686696705,0.924606478
Butylscopolamine,0.28614241,0.833439272
Ioxaglic acid,0.240743871,0.881815756
Technetium Tc-99m pertechnetate,0,0
Carindacillin,0.158769388,0.949954141
Procaine benzylpenicillin,0.50356875,0.833831544
Zinc sulfate,0.997955676,0.998949192
Sulbactam,0.518432361,0.703602248
Sodium fluoride,0,0
Ammonia N-13,0,0
Tegafur-uracil,0.272744894,0.804036124
Osimertinib,0.362176108,0.735441501
Kappadione,0.233775585,0.834962231
Iopodic acid,0.438430043,0.656892303
Alatrofloxacin,0.194323112,0.906277005
Tyropanoic acid,0.468390384,0.632626942
Propoxycaine,0.40918182,0.810303438
Tipiracil,0.347021626,0.80143493
Pramocaine,0.049760361,0.990222178
Metrizoic acid,0.507653785,0.566880276
Propiolactone,0.266943486,0.733056518
Piperonyl butoxide,0.667311606,0.89578688
Levobetaxolol,0.110429666,0.935629125
Hydroxyamphetamine,0.139225251,0.945263022
Octasulfur,0.540524373,0.54080332
Sulfabenzamide,0.235444785,0.83656686
Dexpanthenol,0.377241956,0.957960981
Procaine merethoxylline,0.346775418,0.768193289
Propyliodone,0.478440412,0.67707552
Sodium phosphate P 32,0.998513287,0.9988699
Norethynodrel,0.163141218,0.940240908
Tannic acid,0.428477728,0.988685621
Indocyanine green acid form,0.228035101,0.868482774
Lapyrium,0.491382933,0.816841293
Undecoylium chloride iodine complex,0.389223935,0.823157843
Fluprednisolone,0.20347402,0.927338179
Iodohippurate sodium I-131,0.412668216,0.747337652
Meprednisone,0.194954705,0.919053607
Cyanocobalamin Co-57,0.620973632,0.931107362
Norgestrel,0.235823918,0.969986706
Phosphoric acid,0.998478593,0.99882309
Sodium acetate,0.496026387,0.503973613
Technetium Tc-99m sulfur colloid,0.540577558,0.540758797
Fluoride ion F-18,0,0
Selenomethionine Se-75,0.158119317,0.933274812
Isosorbide,0.309317,0.773779996
Iocetamic acid,0.51421332,0.732040715
Magnesium acetate tetrahydrate,0.496026387,0.503973613
Monopotassium phosphate,0.998475594,0.998819261
Dipotassium phosphate,0.998551091,0.998874474
Meglumine,0.141957122,0.939343129
Xylose,0.23840571,0.889954122
Iodide I-123,0,0
Protirelin,0.428973728,0.744919626
Indium In-111 pentetate,0.293037744,0.939012847
Iodohippurate sodium I-123,0.408854512,0.752962117
"Sodium phosphate, monobasic",0.998481251,0.998810464
Sodium carbonate,0.483461199,0.516538801
Glycerin,0.1663685,0.865326216
Sodium sulfate,0.997955676,0.998949192
Indium In-111 oxyquinoline,0.366759661,0.633240339
Enalaprilat,0.360684918,0.916784229
Iofetamine I-123,0.149456062,0.91863427
Magnesium carbonate,0.483447252,0.516552748
Potassium lactate,0.388650165,0.693550674
Sodium fluorophosphate,0.959594561,0.99909917
Iotrolan,0.74471037,0.968938456
Acrivastine,0.265645897,0.807008423
Cetyl alcohol,0.004466874,0.995554051
Avobenzone,0.186066117,0.887243184
Octinoxate,0.171605531,0.936684374
Ferric ammonium citrate,0.455809948,0.814650501
Fludeoxyglucose (18F),0.25153349,0.879652909
Urea C-13,0.456399258,0.543600742
Simethicone,0.395818641,0.906434288
Urea C-14,0.456405472,0.543594528
Mequinol,0.148849791,0.851150225
Sodium ferric gluconate complex,0.375557792,0.961942645
Hydroquinone,0.184085936,0.815914064
Perflexane,0.234811209,0.963697644
Ecamsule,0.095583257,0.949840894
Methyl salicylate,0.281663308,0.718389291
Iobenguane sulfate I-123,0.146467606,0.895165859
Thonzonium,0.472869379,0.937644013
Dexchlorpheniramine maleate,0.311762544,0.778645001
Sodium glycerophosphate,0.168723922,0.954116073
Choline C-11,0.349371769,0.943998826
Ixazomib,0.209524872,0.904251728
Levmetamfetamine,0.158169221,0.943741549
Octisalate,0.358125223,0.862490743
Homosalate,0.183974618,0.901273326
Phenyl salicylate,0.148432797,0.923626902
Hydrogen fluoride,0,0
Cetylpyridinium,0.35312437,0.793380317
Trolamine salicylate,0.467455639,0.824882453
Silver nitrate,0.49972552,0.50027448
Resorcinol,0.307938825,0.692061175
Docusate,0.565631766,0.889076289
Potassium nitrate,0.49972552,0.50027448
Hydrogen peroxide,2.17E-17,1
Calcium citrate,0.455847396,0.814645254
Meradimate,0.369434394,0.898714281
Potassium bicarbonate,0.483430643,0.516569358
Allantoin,0.344141063,0.84724157
N-acetyltyrosine,0.394556327,0.766181814
Sulfur hexafluoride,0.999945032,0.999981708
Magnesium citrate,0.455875303,0.814628837
Ensulizole,0.087037892,0.941706915
Undecylenic acid,0.047464914,0.986362828
Chloroxylenol,0.303219121,0.696780884
Hypochlorite,-1.55E-17,1
Benzethonium,0.566990428,0.809907609
Calcium gluconate,0.431190748,0.879948346
Selenious acid,0.540846474,0.878878352
Carbamide peroxide,0.456425685,0.543574315
Silicon dioxide,0.191621266,0.808378734
Selenium,0,0
Manganese gluconate,0.431107745,0.879934797
Selenomethionine,0.15519617,0.933353651
Oxyquinoline,0.3667487,0.6332513
Butamben,0.179576564,0.90921321
Barium sulfate,0.997955676,0.998949192
Sodium hydroxide,0,0
Potassium hydroxide,0,0
Triclocarban,0.061763803,0.947341134
Pyrantel,0.128262382,0.897643186
Anthralin,0.269575292,0.730425266
Phenyltoloxamine,0.493199702,0.61874873
Bicisate,0.268928326,0.917016066
Calcium threonate,0.401188051,0.864849015
Ferric sulfate,0.997955676,0.998949192
Zeaxanthin,0.027121369,0.989588361
Tetrofosmin,0.495350063,0.959936807
Homatropine,0.395818665,0.76645357
Rose bengal,0.549544908,0.56702171
Light green SF yellowish,0.53484819,0.622930303
Oftasceine,0.255615454,0.919429567
Pentoxyverine,0.456833218,0.781485257
Magnesium glycinate,0.267418742,0.732581367
Pantethine,0.378025327,0.866475852
Ferrous cysteine glycinate,0.184531035,0.841209675
Aluminum zirconium octachlorohydrex gly,0.267397457,0.732602545
Menthyl salicylate,0.284015734,0.857055989
Alcloxa,0.343880935,0.847376466
Bemotrizinol,0.345889335,0.717466539
Amiloxate,0.11376386,0.908983478
Ferrous bisglycinate,0.267400322,0.732599683
Arbutin,0.222334084,0.835696629
Enzacamene,0.207331572,0.935049423
Dioxybenzone,0.219019691,0.845341205
Ethylhexyl methoxycrylene,0.332463474,0.828630904
Lycopene,0.022390388,0.983298231
Thonzylamine,0.30688941,0.771909016
Aluminum sulfate,0.997955676,0.998949192
Copper gluconate,0.430866163,0.879897399
Zinc gluconate,0.431244102,0.879998586
Hexylresorcinol,0.231327905,0.888269161
Chromium picolinate,0.223953193,0.776046815
Levomefolic acid,0.306928294,0.862643945
Fluoride ion,0,0
Diacetyl benzoyl lathyrol,0.533932585,0.940643529
Bisoctrizole,0.480170735,0.727292515
Polydatin,0.318907312,0.742499774
Calcium glycerophosphate,0.492839113,0.863206037
Diethylamino hydroxybenzoyl hexyl benzoate,0.456301984,0.835100684
Dihydroergocornine,0.204932353,0.972636353
Dihydro-alpha-ergocryptine,0.197453749,0.926192784
Epicriptine,0.194136504,0.922763849
DL-Methylephedrine,0.224408562,0.927382401
Brilliant green cation,0.337868108,0.735661565
Diethyltoluamide,0.286844503,0.929121903
DL-dimyristoylphosphatidylcholine,0.357682956,0.961636672
DL-dimyristoylphosphatidylglycerol,0.456601436,0.906254065
Ethyl ferulate,0.141738731,0.866333522
Vanillyl butyl ether,0.371049323,0.784576409
Methscopolamine,0.367608183,0.779967845
Glycol salicylate,0.23334268,0.834663278
Boric acid,0.501718966,0.501758664
Dipyrithione,0.279483744,0.92833767
Tetradecyl hydrogen sulfate (ester),0.46169763,0.81073533
1-Palmitoyl-2-oleoyl-sn-glycero-3-(phospho-rac-(1-glycerol)),0.415543783,0.900050133
Kinetin,0.149462699,0.885172801
Ubiquinol,0.521446366,0.74028666
Silanol,4.95E-17,1
Calcium Phosphate,0.998452666,0.998782641
Guaiacol,0.378906992,0.621093009
Selexipag,0.4746193,0.858056597
Alectinib,0.068909155,0.957897903
Chlorobutanol,0.851087122,0.999259788
Chloroform,0.511082574,0.511104549
Moxidectin,0.418866479,0.890913541
2-mercaptobenzothiazole,0.187479308,0.812520692
Dihydrostreptomycin,0.34707624,0.787657813
Lesinurad,0.607812671,0.657442464
Padimate O,0.262220104,0.926425196
Aluminum chlorohydrate,0,0
Elbasvir,0.123445964,0.920609005
Grazoprevir,0.307354276,0.890084101
Indigotindisulfonic acid,0.055238966,0.965002482
Venetoclax,0.615054977,0.756625386
Cetalkonium,0.663543877,0.685240505
Pipradrol,0.555702146,0.627364529
Drometrizole trisiloxane,0.324553924,0.965365895
Asunaprevir,0.375166596,0.874375044
Etafedrine,0.263459505,0.870227446
Bilastine,0.637965176,0.811007455
Domiphen,0.572951548,0.628184246
Levoleucovorin,0.389157087,0.79850513
Hydroxyethyl cellulose,0.734560631,0.781021739
Normethadone,0.702977197,0.858207261
Oxilofrine,0.162467834,0.974649948
Lifitegrast,0.450518232,0.733698694
Velpatasvir,0.124356719,0.969448645
Rupatadine,0.302027597,0.770217039
Gestrinone,0.216962061,0.969829869
Dehydrocholic acid,0.152169022,0.940315645
Laropiprant,0.560359869,0.601160145
Temoporfin,0.511994037,0.541083644
Opicapone,0.187081869,0.935117652
Isavuconazole,0.259493246,0.95858283
Nomegestrol,0.163549998,0.902439618
Delamanid,0.173235538,0.891631161
Amifampridine,0.404569886,0.595481566
Vinflunine,0.387626901,0.916194792
Pitolisant,0.390987161,0.72627786
Tafamidis,0.145837902,0.854162098
Tucatinib,0.345366224,0.761693476
Bremelanotide,0.3533747,0.874540754
Rebamipide,0.350816596,0.820475959
Latanoprostene bunod,0.533197397,0.81278764
Curcumin,0.539298158,0.668581278
Triheptanoin,0.595849565,0.94934264
Treosulfan,0.270729456,0.81865962
Selumetinib,0.329303329,0.919805806
Naldemedine,0.279383342,0.900767968
Tropisetron,0.139663994,0.934832719
Setmelanotide,0.533062002,0.828821192
Acalabrutinib,0.211446752,0.884088273
Iomeprol,0.389240652,0.707972147
Tezacaftor,0.198764694,0.928694393
Encorafenib,0.656494797,0.91259888
Ribociclib,0.145853069,0.882518762
Lasmiditan,0.308186859,0.796660066
Galactose,0.274334294,0.954200558
Rilmenidine,0.314008684,0.78550024
Ebastine,0.371652907,0.73987631
Benfotiamine,0.304773685,0.807604523
Clobetasol,0.185575325,0.930428958
Cabotegravir,0.145955043,0.936302598
Rifamycin,0.445400729,0.790775666
Istradefylline,0.113686731,0.901508528
Talazoparib,0.302146242,0.760182262
Tenapanor,0.655783335,0.866298891
Zytron,0.292976706,0.93462633
Capmatinib,0.384049039,0.66302778
Niraparib,0.098266039,0.929132281
Fostemsavir,0.527572925,0.818360256
Bictegravir,0.173233238,0.936058095
Tivozanib,0.331821543,0.760803574
Tilarginine,0.340929013,0.81693928
Baricitinib,0.19010687,0.927137904
Nifurtimox,0.175402058,0.965918227
Esketamine,0.579116063,0.822886689
Ertugliflozin,0.214573718,0.895812868
Neratinib,0.550322781,0.671421088
Indium In-111 pentetreotide,0.531569575,0.777452831
Osilodrostat,0.222727321,0.928735447
Angiotensin II,0.537505107,0.863337296
Relugolix,0.238489134,0.819098233
Revefenacin,0.419376783,0.742913726
Brexanolone,0.157334999,0.924946811
Apalutamide,0.159932397,0.961060281
Valbenazine,0.346892927,0.733338864
Deflazacort,0.245834509,0.883281632
Abametapir,0.092288305,0.907712027
Bempedoic acid,0.036133519,0.987213388
Selinexor,0.390868414,0.701478239
Delafloxacin,0.443743837,0.651386628
Lemborexant,0.427224362,0.795751163
Duvelisib,0.414098299,0.789334579
Dacomitinib,0.130625999,0.891522888
Binimetinib,0.271407494,0.858934765
Glasdegib,0.194214669,0.873494728
Elagolix,0.459619166,0.727268152
Entrectinib,0.28253856,0.809662613
Benznidazole,0.417102738,0.856008217
Diacerein,0.340898206,0.708651003
Avatrombopag,0.108531556,0.920863328
Abemaciclib,0.280214952,0.785565642
Fostamatinib,0.259857808,0.776520691
Alpelisib,0.117179569,0.935292001
Tecovirimat,0.10666047,0.986981462
Voxilaprevir,0.328641321,0.909772562
Sarecycline,0.331163889,0.897269928
Letermovir,0.350363401,0.84826424
Telotristat ethyl,0.507221085,0.836110986
Mannitol busulfan,0.171388078,0.973482213
Vaborbactam,0.303424901,0.813451078
Sultamicillin,0.202229618,0.952558413
Lorlatinib,0.430058783,0.79610075
Gilteritinib,0.172852106,0.852942409
Erdafitinib,0.24716304,0.880486135
Citicoline,0.464825228,0.863100375
Deutetrabenazine,0.175654746,0.875695464
Edaravone,0.235537114,0.811448152
Triclabendazole,0.270670588,0.83990606
Brigatinib,0.171981668,0.85397226
Propiverine,0.40019214,0.886318048
Nefopam,0.419085725,0.780728725
P-nitrobiphenyl,0.08817302,0.934138684
Doravirine,0.50859863,0.736199073
Dopexamine,0.40010834,0.802136012
Cantharidin,0.582474106,0.774026187
Eravacycline,0.118980971,0.994064693
Rucaparib,0.170991614,0.854076941
Temocillin,0.546760012,0.787435738
Diaminopropanol tetraacetic acid,0.304222719,0.820468266
Betrixaban,0.283033058,0.772634382
Siponimod,0.189130623,0.919315989
Relebactam,0.087233919,0.983239191
Bromperidol,0.215793445,0.851704238
Remimazolam,0.682269302,0.800911853
Iobitridol,0.435122326,0.651825495
Steviolbioside,0.388028643,0.827925282
Omadacycline,0.227732721,0.982782481
Rimegepant,0.435451087,0.694329793
Favipiravir,0.350509088,0.649490919
Taurolidine,0.118941904,0.964430199
Lynestrenol,0.206314008,0.931918131
Copanlisib,0.19050407,0.826909618
Piritramide,0.205287167,0.906318166
Clascoterone,0.227862234,0.975128535
Fedratinib,0.353344906,0.761912204
Mizolastine,0.231091873,0.872452739
Nitrite,0.112128942,0.887871058
Oxetacaine,0.336065143,0.818716462
Benzodiazepine,0.260547089,0.739452912
Mebeverine,0.387854141,0.773553192
Pentetreotide,0.649911243,0.811908677
Ozanimod,0.077457178,0.951442993
Plazomicin,0.313586482,0.756141131
Protionamide,0.298905354,0.764025016
Lurbinectedin,0.52748063,0.821515204
Perazine,0.238946414,0.789984657
Sotagliflozin,0.547184439,0.569868231
Fenpropidin,0.397263887,0.780704785
Iodide,0,0
Gaxilose,0.44522958,0.724099922
Benserazide,0.230026401,0.844812224
Dinoprost,0.459779957,0.59691656
Boscalid,0.398410453,0.66383506
Trifarotene,0.239332979,0.831264649
Perflubutane,0.385018187,0.948868787
Lefamulin,0.31415663,0.869052149
Secnidazole,0.477203493,0.61427499
Pegvaliase,0.603820005,0.751481003
Etelcalcetide,0.70077505,0.940551851
Benperidol,0.359158421,0.734375639
Oxatomide,0.367262108,0.832615771
Tazemetostat,0.226261055,0.872744903
Nicoboxil,0.355660134,0.812611509
Ozenoxacin,0.150410485,0.891109644
Isoxaflutole,0.414297783,0.791003688
Darolutamide,0.432730934,0.669127166
Lactitol,0.490198495,0.678920025
Dihydralazine,0.446454157,0.553725125
Methylprednisone,0.196923361,0.922223416
Terizidone,0.049016974,0.982767603
Pexidartinib,0.371341305,0.712183207
Silicon,0,0
Parthenolide,0.451600186,0.733607362
Macimorelin,0.488851665,0.807829097
Biguanide,0.317111465,0.988718908
Amitriptylinoxide,0.492284227,0.771413836
Norflurane,0.476978284,0.993444676
Pentafluoropropane,0.362850059,0.891483786
Lusutrombopag,0.109245918,0.963597981
Fluindione,0.137851068,0.892598889
Levosalbutamol,0.341269702,0.895416565
Fluciclovine (18F),0.273191268,0.835364877
Levomenol,0.361969451,0.844366686
Parachlorophenol,0.123707252,0.876292748
Esculin,0.168126607,0.879655059
Inosine pranobex,0.277338773,0.827805544
Sodium lauryl sulfoacetate,0.083421852,0.94329444
Clobetasone,0.180908736,0.918753699
Terpin hydrate,0.222681422,0.957442484
Zofenopril,0.605031701,0.879962584
Alclofenac,0.185475386,0.870175305
Inositol,0.499517679,0.583781757
Troleandomycin,0.530013403,0.771902786
Gluconic Acid,0.431156402,0.879973203
Bismuth subnitrate,0.49972552,0.50027448
Guanoxan,0.281775891,0.804383389
Butaperazine,0.339193703,0.699138632
Oxolamine,0.163121012,0.967949375
Mandelic acid,0.291966197,0.927584049
Medifoxamine,0.433888811,0.735746028
Apronalide,0.47378466,0.73859725
Tilbroquinol,0.219144124,0.780855879
Dibenzepin,0.561425152,0.762867227
Flosequinan,0.199181466,0.831754012
Calcium lactate,0.388630146,0.693385512
Thiram,0.279532439,0.93512501
Quinupramine,0.537807496,0.701593568
Pramiracetam,0.318483682,0.951354013
Phthalylsulfathiazole,0.143023955,0.947672445
Proxibarbal,0.632374129,0.8649871
Clothiapine,0.595767148,0.630426656
Ferrous sulfate anhydrous,0.997955676,0.998949192
Etofamide,0.221689572,0.880715374
Ethyl chloride,0.09454466,0.90545534
Aceclidine,0.259465342,0.954542784
Hexobendine,0.439538358,0.970502036
Ritiometan,0.496863365,0.63048235
Dichlorobenzyl alcohol,0.25806659,0.771841194
Dibekacin,0.329048028,0.811430585
Sultopride,0.183598938,0.901039519
Micronomicin,0.293655428,0.859665443
Benziodarone,0.349027525,0.728199504
Bucetin,0.072631193,0.973917277
Carbocromen,0.282777257,0.853820579
Benzododecinium,0.56279859,0.767689681
Meticrane,0.265001097,0.823467126
Bumadizone,0.457477715,0.797638066
Tromantadine,0.294315024,0.823010139
Pimethixene,0.424854666,0.669723841
Chlorquinaldol,0.398608398,0.601391602
Hydrotalcite,0.483466752,0.516533248
Trichloroethylene,0.271196505,0.728803495
Pheneticillin,0.456948178,0.804856579
Dihydroergocristine,0.367867581,0.831037766
Bufexamac,0.058067953,0.99274934
Edoxudine,0.220986867,0.840038781
Ioxitalamic acid,0.478258123,0.583111389
Bendazac,0.211589703,0.881510706
Metergoline,0.448670677,0.883772077
Cyclopenthiazide,0.222348063,0.838726505
Mephenesin,0.16617931,0.916562818
Almasilate,0.999941288,0.99995108
Mifamurtide,0.742755515,0.788503677
Potassium gluconate,0.419844026,0.851512015
Methoxyphenamine,0.396514068,0.765970412
Ethyl hydroxybenzoate,0.143368357,0.856640466
Benorilate,0.151590863,0.899037996
Naftazone,0.123497014,0.876508741
Cefpirome,0.235867476,0.870082126
Sodium tartrate,0.302506716,0.977161321
Tritoqualine,0.500209525,0.719176129
Diphemanil,0.448748473,0.677937401
Sodium aurotiosulfate,0.57797164,0.999612571
Trolamine,0.554179623,0.841421324
Magnesium gluconate,0.430956311,0.879886577
Glycyrrhizic acid,0.228199435,0.908913845
Lidoflazine,0.167109069,0.917658362
Xamoterol,0.101193199,0.934907444
Acemetacin,0.426039221,0.637049959
Calcium levulinate,0.248549149,0.947885761
Muzolimine,0.259837917,0.877031589
Iodoform,0.502026179,0.502035106
Noxytiolin,0.275110213,0.789002928
Fluorodopa (18F),0.35370603,0.810584682
Artemotil,0.565595285,0.785932094
Anethole trithione,0.127627939,0.891824398
Gamolenic acid,0.462619198,0.748200273
Dimazole,0.103383112,0.944024685
Fluticasone,0.211462089,0.902813117
Lormetazepam,0.627439314,0.693123416
Fenofibric acid,0.164890226,0.904816943
Enasidenib,0.374239468,0.662618529
Pibrentasvir,0.304469612,0.817119774
Glecaprevir,0.315307772,0.929795251
Methyl nicotinate,0.187093074,0.812908253
Amylmetacresol,0.274888464,0.858002411
Valproate bismuth,0.319275184,0.795401393
Phloxine B,0.54796358,0.612764967
Dotatate gallium Ga-68,0.441446575,0.865933439
Netarsudil,0.466498769,0.60159326
Testosterone cypionate,0.226409855,0.90080979
Testosterone enanthate,0.248930384,0.866873255
Testosterone undecanoate,0.362542994,0.733491743
Testosterone enantate benzilic acid hydrazone,0.168311456,0.963905081
Estradiol acetate,0.116182527,0.95380821
Estradiol benzoate,0.071587951,0.981754972
Estradiol cypionate,0.242441776,0.859981423
Estradiol dienanthate,0.152557388,0.982365564
Estradiol valerate,0.195828424,0.885983263
Bronopol,0.62618441,0.808688517
Calcium saccharate,0.284756877,0.966137869
Isopropyl myristate,0.33288488,0.726361519
Patent Blue,0.552267195,0.651427724
Dioctyldimonium,0.510508803,0.752858466
Racemethionine,0.217486133,0.909820292
Potassium carbonate,0.483436024,0.516563976
Nomegestrol acetate,0.202631187,0.97021355
Lutetium Lu 177 dotatate,0.495267303,0.790556322
Ferric pyrophosphate citrate,0.455875876,0.814683168
Magnesium acetate,0.496026387,0.503973613
Baloxavir marboxil,0.5669988,0.878919662
alpha-Tocopherol succinate,0.344491669,0.908432882
D-alpha-Tocopherol acetate,0.430635213,0.717217399
Choline salicylate,0.333523176,0.666476824
Pentetic acid,0.293381471,0.938151994
Sodium bisulfite,0.529049268,0.628910259
Bromotheophylline,0.163470473,0.836529527
Fosnetupitant,0.15048009,0.962856461
Benzoin,0.387461296,0.800741399
Acetyl sulfisoxazole,0.500043361,0.807605015
Sodium zirconium cyclosilicate,0.572119973,0.590838739
Imidurea,0.507250991,0.830341824
Medronic acid,0.289929063,0.975392201
Betiatide,0.412189096,0.73860423
Bisphenol A diglycidyl ether,0.179392952,0.870088305
Butylparaben,0.177193563,0.913493431
Cianidanol,0.320940423,0.878155823
Dimercaptosuccinic acid,0.514823227,0.963957547
"1,2-icosapentoyl-sn-glycero-3-phosphoserine",0.589384242,0.772999727
"1,2-Distearoyllecithin",0.21123631,0.991914622
Linoleic acid,0.161617009,0.886706358
"Sodium 1,2-Dipalmitoyl-sn-glycero-3-phospho-(1'-rac-glycerol)",0.615080039,0.773719573
Tetrakis(2-methoxyisobutylisocyanide)copper(I) tetrafluoroborate,0.451965573,0.82530064
alpha-Arbutin,0.27772551,0.848913142
Butylene glycol,0.233504229,0.795302419
Silodrate,0.538348295,0.616529286
Phenylethyl resorcinol,0.2291252,0.943153697
p-Phenylenediamine,0.197836683,0.802163779
Distearyldimonium,0.612582921,0.905675588
Phosphorus,0,0
Synthetic camphor,0.686601326,0.934955465
Oxidronic acid,0.364099471,0.893492081
Diazolidinylurea,0.301292274,0.851052516
Dipentamethylenethiuram disulfide,0.674432782,0.885616287
alpha-Amyl cinnamaldehyde,0.281720585,0.86368878
Benzylparaben,0.154296741,0.961166135
Propylparaben,0.154505479,0.90052045
Tetramethylthiuram monosulfide,0.395367959,0.936008662
Nickel sulfate,0.997955676,0.998949192
Geraniol,0.077677401,0.952514529
Cinnamaldehyde,0.091858648,0.911728465
Aripiprazole lauroxil,0.374606929,0.802437731
Cinnamyl alcohol,0.108110964,0.89726381
Hydroxycitronellal,0.213745031,0.874137642
Isoeugenol,0.250609681,0.751616197
Ethylenediamine,0.253067874,0.793501492
Diphenylguanidine,0.197412219,0.930732725
Ditiocarb zinc,0.500202204,0.822565672
Zinc dibutyldithiocarbamate,0.549545573,0.619337653
4-(Isopropylamino)diphenylamine,0.103896756,0.922661999
"N-Cyclohexyl-N'-phenyl-1,4-phenylenediamine",0.093154113,0.953733833
Methylchloroisothiazolinone,0.241282982,0.758717018
Quaternium-15,0.177413773,0.975804811
Bromothalonil,0.474770271,0.718760799
Thiohexam,0.301355945,0.903464371
"2,2'-Dibenzothiazyl disulfide",0.353935056,0.811745717
Morpholinylmercaptobenzothiazole,0.271399708,0.929780697
Disperse Blue 106,0.073898568,0.971740038
Methylparaben,0.135836051,0.864164558
Monomethyl fumarate,0.109415156,0.890584908
L-Lactic acid,0.388628793,0.693420257
DL-alpha-Tocopherol,0.398216228,0.84739051
Calcium phosphate dihydrate,0.998505327,0.998823657
Sodium ascorbate,0.295451346,0.81862645
Calcium ascorbate,0.295489377,0.818631367
Magnesium ascorbate,0.295458999,0.818595558
Zinc ascorbate,0.295441557,0.818623041
Niacinamide ascorbate,0.395187507,0.86213728
Zinc acetate,0.496026387,0.503973613
Ferrous gluconate,0.431018831,0.879912986
Ferrous succinate,0.133355716,0.902959114
Ferrous ascorbate,0.295449683,0.818609305
Ferrous fumarate,0.134879489,0.865120525
Potassium acetate,0.496026387,0.503973613
Potassium sulfate,0.997955676,0.998949192
Potassium,1.00E-16,1
Ferrous glycine sulfate,0.267410971,0.732589053
"Sodium phosphate, dibasic",0.998517657,0.998813107
Sodium borate,0.399931537,0.950467885
Lithium hydroxide,0,0
Lithium citrate,0.455762588,0.814653604
Lithium carbonate,0.483470967,0.516529033
Mometasone furoate,0.33845533,0.871189239
Aluminium phosphate,0.998511054,0.998813788
Aluminum acetate,0.496026387,0.503973613
Tetraferric tricitrate decahydrate,0.455702974,0.814643621
Chromic nitrate,0.49972552,0.50027448
Chromium gluconate,0.430868903,0.879905156
Chromium nicotinate,0.222535014,0.777464986
Chromous sulfate,0.997955676,0.998949192
Hydrocortisone acetate,0.186132783,0.907521275
Hydrocortisone butyrate,0.281319378,0.899944788
Hydrocortisone cypionate,0.172870634,0.971310983
Hydrocortisone phosphate,0.163185807,0.976379407
Hydrocortisone probutate,0.228046907,0.94249186
Hydrocortisone valerate,0.300757812,0.882339695
Hydrocortisone succinate,0.204573843,0.864206239
Dotatate,0.619378282,0.86819987
Ivosidenib,0.423812386,0.837166377
Tedizolid,0.054645705,0.961163173
Eslicarbazepine,0.520248229,0.748730286
Segesterone acetate,0.202459854,0.991079979
Loteprednol,0.178512139,0.949571216
Edetate calcium disodium anhydrous,0.360320461,0.742676322
Edetate disodium anhydrous,0.36039431,0.742899599
Oxyphenisatin acetate,0.476411239,0.69108989
Prednisolone phosphate,0.173326835,0.969665734
Prednisolone tebutate,0.162616039,0.936270868
Diloxanide furoate,0.156964377,0.917545053
Lypressin,0.417053374,0.942795381
Methylprednisolone aceponate,0.233464938,0.996228274
Methylprednisolone hemisuccinate,0.329816411,0.798323996
Prednisone acetate,0.195678495,0.900502826
Dexamethasone acetate,0.222882944,0.88514726
Menadiol diphosphate,0.233952292,0.834876155
Drostanolone propionate,0.164500579,0.903288404
Chlorphenesin carbamate,0.102178242,0.924891873
Paramethasone acetate,0.227975404,0.875335545
Chloramphenicol palmitate,0.552380757,0.977807838
Betamethasone phosphate,0.178442156,0.972096725
Estramustine phosphate,0.088494021,0.964954774
Gestonorone caproate,0.287520076,0.876447184
Dexamethasone metasulfobenzoate,0.182569179,0.878028817
Larotrectinib,0.23475457,0.906366894
Cefamandole nafate,0.358434173,0.934841791
Polymyxin B,0.742093184,0.893404191
Hydroxystilbamidine,0.058394302,0.949872805
Solriamfetol,0.300298641,0.796941991
Remdesivir,0.628747147,0.949151511
Cycloguanil,0.162548374,0.93269839
Diroximel fumarate,0.169470392,0.918054171
Ripretinib,0.205834856,0.940538031
Filgotinib,0.111946384,0.924250936
Cefiderocol,0.457592373,0.907451802
Oliceridine,0.610857289,0.82910997
Vibegron,0.318293357,0.867005668
Flortaucipir F-18,0.068179447,0.946473044
Voxelotor,0.578100393,0.770344347
Zanubrutinib,0.355806838,0.741192092
Upadacitinib,0.202444858,0.889825317
Pemigatinib,0.128411136,0.965110893
Avapritinib,0.103617572,0.916174068
Risdiplam,0.091612301,0.956553241
Ubrogepant,0.160977932,0.904077061
Elexacaftor,0.252131046,0.822623988
Benzhydrocodone,0.287596536,0.830623132
Cinoxate,0.119890386,0.915219568
Alloin,0.476665365,0.758283956
Resorcinol monoacetate,0.229156896,0.892833867
Edotreotide gallium Ga-68,0.48523356,0.813074494
Colchiceine,0.399725978,0.904069472
Prednisolone acetate,0.197387287,0.911097248
Padeliporfin,0.338790051,0.723586427
Ethyl salicylate,0.244787755,0.755261974
Brilliant blue G,0.464773991,0.660707049
Ferric maltol,0.424683974,0.575316045
Ferric derisomaltose,0.527886898,0.695980065
Calcium undecylenate,0.047380462,0.986448358
Selpercatinib,0.215610418,0.809655479
Fluoroestradiol F-18,0.140092773,0.900607226
Cedazuridine,0.346405233,0.868089059
Mebrofenin,0.287724014,0.835833009
Zinc phenolsulfonate,0.180621857,0.92411654
Pralsetinib,0.41339082,0.660100457
Copper oxodotreotide Cu-64,0.679132644,0.842754981
Acetylene,-1.57E-16,1
Anethole,0.094099571,0.907963398
Ammonium carbonate,0,0
Ferric glycerophosphate,0.556841997,0.642313248
Sodium camphorsulfonate,0.377408145,0.924187422
Berotralstat,0.376777872,0.785844461
Gallium Ga-68 gozetotide,0.30942829,0.874280612
Thenyldiamine,0.51363398,0.627975423
